model,chips,fps
model_explorer_dendihandian_forest-fire-estimator_GitHub,2,828500.4
model_explorer_the-muses-ltd_Cassie_GitHub,2,615384.6
model_explorer_netsec917_Hikari-IDS_GitHub_2,2,985221.7
model_explorer_antmicro_alkali-csd-fw_GitHub,2,1968503.9
model_explorer_hwajlee_TIL_GitHub_1,2,719424.5
model_explorer_hotg-ai_rune_GitHub_4,2,1972386.6
model_explorer_open-closed-eye-0001_44d54e2715c26d676dab6bc0b756230c_OpenVINO,2,22000.7
model_explorer_hbuenostaubi_crimeapp_GitHub,2,412541.3
model_explorer_hwajlee_TIL_GitHub_2,2,719424.5
model_explorer_MAPLELEAF3659_snake-game-ml-agent_GitHub_2,2,811688.3
model_explorer_mzakharo_tubby_GitHub_1,2,1972386.6
model_explorer_vehicle-lang_vehicle_GitHub_1,2,12139.9
model_explorer_hwajlee_TIL_GitHub_4,2,719424.5
model_explorer_RedisAI_redisai-examples_GitHub_7,2,6479.2
model_explorer_steverab_failing-loudly_GitHub_5,2,24054.1
model_explorer_sutongkui_SubPhysics_GitHub_1,2,251067
model_explorer_hwajlee_TIL_GitHub_6,2,719424.5
model_explorer_SKT27182_portfolio_GitHub,2,8572.1
model_explorer_jeremia49_Dicoding-Tensorflow-Certification-Preparation_GitHub,2,6071.1
model_explorer_SKT27182_portfolio_GitHub_3,2,8572.1
model_explorer_jeremia49_Dicoding-Tensorflow-Certification-Preparation_GitHub_1,2,6070
model_explorer_BLRSAI_VEXAI-Sim_GitHub,2,811688.3
model_explorer_netsec917_Hikari-IDS_GitHub_1,2,385802.5
model_explorer_openvinotoolkit_openvino_GitHub_4,2,1014198.8
model_explorer_A-Y-Yang_CSP-572-Drug-Target-Identification-master_GitHub_1,2,124192.7
model_explorer_hotg-ai_rune_GitHub_3,2,16875.6
model_explorer_ARM-software_ML-zoo_GitHub,2,11267.2
model_explorer_Bhavya2201_Accudiagnosis_GitHub,2,11024.5
model_explorer_batu_ProjNar_GitHub_7,2,53685.5
model_explorer_AppleParfait_OSP-Archive_GitHub_3,2,181061
model_explorer_Crystalsound_FRN_GitHub,2,1949
model_explorer_openvinotoolkit_testdata_GitHub,2,10178.2
model_explorer_naotokui_CreativeGAN-Rhythm_GitHub,2,56236.6
model_explorer_naotokui_CreativeGAN-Rhythm_GitHub_2,2,56236.6
model_explorer_SKT27182_portfolio_GitHub_1,2,5726.2
model_explorer_SKT27182_portfolio_GitHub_7,2,8572.1
model_explorer_batu_ProjNar_GitHub_4,2,53685.5
model_explorer_netsec917_Hikari-IDS_GitHub_6,2,612745.1
model_explorer_naotokui_CreativeGAN-Rhythm_GitHub_1,2,56236.6
model_explorer_FabianGroeger96_cnn-number-detection_GitHub_1,2,14227.2
model_explorer_AppleParfait_OSP-Archive_GitHub_1,2,23530.5
model_explorer_AIBenchmarkMobile_9c04ddfcdd62b9474d5f4b76eed363bf_AIBenchmark_34,2,103766.7
model_explorer_devLeffe_toxic-message-compet_GitHub,2,2080.9
model_explorer_jmsulliv_Optical-Prediction-Neural-Network_GitHub_1,2,87070.1
model_explorer_VarunAkav_Comp_int_NN_GitHub,2,3478
model_explorer_deep_q_atari_breakout_local_model,2,13119.4
model_explorer_codemaker2015_TensorFlow-Lite-for-Unity-Samples_GitHub_1,2,15041
model_explorer_Edenzzzz_Edu-x_GitHub_1,2,5835.4
model_explorer_openvinotoolkit_openvino_GitHub,2,4566.6
model_explorer_MobileNetV1_cee7ba4026738ce1ec9f62947f385932_Coral,2,6618.5
model_explorer_jmsulliv_Optical-Prediction-Neural-Network_GitHub_3,2,87032.2
model_explorer_adnan4077_medical-image-class-detection_GitHub,2,12329.1
model_explorer_Aylin-19-Johns_CIFAR-10_classifier_GitHub,2,4496.5
model_explorer_nomadz-ethz_nomadz-code-release_GitHub_1,2,2426.4
model_explorer_mrdakj_letters_GitHub_1,2,2548.8
model_explorer_bernardesrodrigoc_Ethoflow_GitHub,2,904.3
model_explorer_jofuelo_multimodal_emotion_detector_GitHub,2,240.2
model_explorer_Kastori1206_catheroes_GitHub,2,4508.9
model_explorer_ArmenHagopian_AI_self-driving-car-simulation_GitHub,2,2471
model_explorer_jaspervillarosa_VILLAROSA_THESIS_GitHub,2,5133.2
model_explorer_imagenet_mobilenet_v1_050_128_classification_252bdd56250c14a22da8f07d43196836_TFHub,2,6380.2
model_explorer_openvinotoolkit_openvino_GitHub_8,2,311915.2
model_explorer_openvinotoolkit_openvino_GitHub_19,2,666.2
model_explorer_mobilenet_v1_0.25_224_quantized_0bed04f636ebc9197477cb0489beda89_TFHub,2,2214.7
model_explorer_hwajlee_TIL_GitHub,2,719424.5
model_explorer_SatyamVyas00_Cloudburst-Prediction-using-GAF-and-CNN_GitHub,2,1906.1
model_explorer_Kotetsu0000_JavaOthello_GitHub_2,2,791139.2
model_explorer_mobilenet_v1_0.25_224_8e4c2c9e504fd9581465bbb1a5f63efa_TFHub,2,2213.3
model_explorer_MobileNetV1_e1ade2f1808bc10ef1c60e937ffe93c5_Coral,2,4142.7
model_explorer_SuavePirate_FaceONNX.Models_GitHub_3,2,432.8
model_explorer_JuanCruzC97_ml-stuff_GitHub,2,538.2
model_explorer_xMinh129_yimotion_training_GitHub,2,4278.3
model_explorer_na-o-ys_shogi-camera_GitHub_1,2,4227.2
model_explorer_rachidelfe_CNN-MGP-SCRIPT_GitHub,2,251.4
model_explorer_mobilenet_v1_0.50_160_e65762dbcaac3732498d40868d2d9ec2_TFHub,2,4145
model_explorer_mp_hand_recrop_local_model,2,1008.9
model_explorer_mobilenet_v1_0.75_128_quantized_17c97b25c57729ea27176872c3b55da3_TFHub,2,3094.8
model_explorer_na-o-ys_shogi-camera_GitHub,2,4230.4
model_explorer_SKT27182_portfolio_GitHub_10,2,5726.2
model_explorer_mobilenet_v1_0.50_192_1d03baefe6b958a640be280747f99c53_TFHub,2,2897.4
model_explorer_openvinotoolkit_openvino_GitHub_14,2,2151.1
model_explorer_VikrantShah_AI-DocHelper_GitHub_1,2,757.4
model_explorer_mobilenet_v1_0.50_224_quantized_3ead468050447581df495877ba44cee3_TFHub,2,2137.4
model_explorer_torinmb_mediapipe-touchdesigner_GitHub_4,2,4937.1
model_explorer_umarkhan2000_HackTheNorth_GitHub,2,2328.7
model_explorer_espcn_x4_c92622cdedd9a20119a85a90d9b0984c_Hailo,2,646.9
model_explorer_jaspervillarosa_VILLAROSA_THESIS_GitHub_1,2,4112.3
model_explorer_joshi-swetam_Flower-Recognition-AI-ML-Model_GitHub_1,2,795.3
model_explorer_TiVo_dts-studio_GitHub_12,2,4937.1
model_explorer_janantala_senior-detection_GitHub,2,1749.4
model_explorer_arthurvalls_plant-sickness-detection_GitHub,2,1273.6
model_explorer_RevTpark_pokeDex-app_GitHub_1,2,1863.2
model_explorer_SuavePirate_FaceONNX.Models_GitHub_5,2,5823.2
model_explorer_Kotetsu0000_JavaOthello_GitHub_1,2,195083.9
model_explorer_hwajlee_TIL_GitHub_3,2,719424.5
model_explorer_mobilenet_v1_1.0_128_quantized_26340ba87df7d805f0c46929918d6588_TFHub,2,501.8
model_explorer_greenelab_core-accessory-interactome_GitHub,2,4318.1
model_explorer_ultraface_320_local_model,2,1402.3
model_explorer_onnx_models_GitHub_124,2,1463
model_explorer_mobilenet_v1_0.50_224_ed590e5399cd02e04aa74a191f4ccab2_TFHub,2,2129.4
model_explorer_onnx_models_GitHub_12,2,1462.1
model_explorer_MobileNetV1_62477226e198368be957058d89d81b7f_Coral,2,2820.7
model_explorer_imagenet_mobilenet_v3_small_100_224_classification_962b115180de6f0edbd74871053f89f5_TFHub,2,197.5
model_explorer_Dense-Head-Pose-Estimation_da347b73a0c6aac2a6aa3236741597e9_PINTO_5,2,2898.7
model_explorer_nomadz-ethz_nomadz-code-release_GitHub,2,15701.5
model_explorer_greenelab_generic-expression-patterns_GitHub_1,2,4524.5
model_explorer_mobilenet_v1_0.75_160_quantized_b47553037d67375f1b167a5bbc05c08f_TFHub,2,2019.2
model_explorer_UltraLightweightFaceDetectionslim320_5fa4898fe882dc1d1fa3e0202f18d1aa_OpenVINO,2,1423.9
model_explorer_imagenet_mobilenet_v3_large_075_224_classification_2c0eba0feb6aaec029195a28ed4d8f50_TFHub,2,197.5
model_explorer_utopiaZhang_devops_for_datascience_GitHub_1,2,2163.1
model_explorer_ArmanNavodia_PlantDiseaseDetectionModel_GitHub,2,216.4
model_explorer_mobilenet_v1_1.0_128_46110b795dab29e40521142c283e95ec_TFHub,2,4582.6
model_explorer_Preeti-sahani_smoke-fire-detector_GitHub,2,825.1
model_explorer_rehat-app_Deploy-ML_GitHub,2,686.7
model_explorer_espcn_x3_db0bbbfcb4191e0fd31750e86ffd5c79_Hailo,2,388.1
model_explorer_opencv_opencv_zoo_GitHub_14,2,2085.1
model_explorer_mobilenet_v1_0.50_128_4e0afb47123ebb97af6940f48f138e48_TFHub,2,6380.2
model_explorer_YuNet_62443df09472306e47a98f70b9922e9e_PINTO,2,5548.8
model_explorer_mnasnet_1.0_128_d9d0f6ab19d6ee2aa6936237bde17502_TFHub,2,2702.7
model_explorer_chess_alphazero_community_local_model,2,2136.1
model_explorer_mobilenet_v1_0.75_192_8ef21fc592e1d5359817f3407298dcab_TFHub,2,2820.9
model_explorer_emza-vs_ModelZoo_GitHub,2,1679.5
model_explorer_URetinex-Net_4ac8242609816866ddfacc736328807a_PINTO_42,2,69
model_explorer_wilsonloo_faceEmotionCppLinux_GitHub_2,2,2412.9
model_explorer_mp_hand_landmark_lite_local_model,2,2086.7
model_explorer_wilsonloo_faceEmotionAndroid_GitHub_1,2,2412.9
model_explorer_keonroohparvar_AI_ChessEngine_GitHub,2,451671.2
model_explorer_expression_vgg13_local_model,2,411.5
model_explorer_csTTRX_coulb-arif_GitHub,2,1028.7
model_explorer_imagenet_mobilenet_v1_050_224_classification_003f32bbe2c68e075c0157b396be993d_TFHub,2,2129.4
model_explorer_thoughtworksarts_EmoPy_GitHub,2,501.4
model_explorer_onnx_models_GitHub_67,2,6479.2
model_explorer_K-Team-Coders_AfterburnerSQL_GitHub,2,210748.2
model_explorer_openvinotoolkit_openvino_GitHub_9,2,2322.8
model_explorer_MoveNet.SinglePose.Lightning_b2b9000f4a4bb5fb73a68546a3b9b3d6_Coral,2,466.3
model_explorer_rajghadi1_MDP_GitHub,2,388.5
model_explorer_saicharankr_Realtime-Facial-Expression-Recognition_GitHub,2,223.5
model_explorer_openvinotoolkit_openvino_GitHub_17,2,1189.6
model_explorer_arcface_mobilefacenet_885ebf841fbfa97fd3ac991212337c2d_Hailo,2,465
model_explorer_yuradanyliuk_AutomaticParking_GitHub,2,434782.6
model_explorer_wilsonloo_faceEmotionCppLinux_GitHub,2,2415.9
model_explorer_SKT27182_portfolio_GitHub_9,2,8572.1
model_explorer_mobilenet_v1_0.25_192_quantized_e90b0c4ed2199993b5be63199cf4e3d4_TFHub,2,2971.7
model_explorer_kuff_medslr_GitHub_1,2,112739.6
model_explorer_mobilenet_v1_1.0_192_quantized_3e6b2801733a2c9d44896a61633237df_TFHub,2,828.5
model_explorer_mp_face_landmark_local_model,2,1745.5
model_explorer_tensil-ai_tensil-models_GitHub_2,2,1141.1
model_explorer_AdwitM_Sign-Language-Recognition_GitHub,2,279
model_explorer_batu_ProjNar_GitHub_12,2,53685.5
model_explorer_raytheonbbn_tak-ml_GitHub_2,2,1588.2
model_explorer_asus4_tf-lite-unity-sample_GitHub_8,2,466.3
model_explorer_MobileStyleGAN_97ee8f4ce997135b6de496d9589b2564_PINTO_2,2,108707.5
model_explorer_mobilenet_v1_0.25_128_quantized_59d519440f9053ba58cb93b7b7fcdd55_TFHub,2,6623.6
model_explorer_ersilia-os_image-based-dl_GitHub_1,2,652.9
model_explorer_squeezenet_bypass_local_model,2,478.1
model_explorer_ShubhmKaale_CNN-Image-Classification-Heroku-Cloud-Deployment_GitHub,2,853
model_explorer_YAMNet_4a5f991ff1ae5529ac2a9166ac5dc226_PINTO_13,2,5067.2
model_explorer_mobilenet_v1_1.0_192_e1649f4cbdd3dc63f83a3630b782d4e6_TFHub,2,2312.8
model_explorer_mp_face_detection_full_range_sparse_local_model,2,492.9
model_explorer_aiy_vision_classifier_birds_V1_93541cd953e436eb19ee23b6122f16f6_TFHub,2,1200.4
model_explorer_fast_depth_7cb9fc9994feba47c2b2b47aacdd73b8_Hailo,2,273.8
model_explorer_inferenceengine_shadernn_GitHub_7,2,1589.7
model_explorer_ACR-Loss_4e93bc740122b8c4fa1a02160a42912b_PINTO,2,1589.8
model_explorer_ThomAub_redisai-rs_GitHub_1,2,4444.5
model_explorer_opencv_opencv_zoo_GitHub_36,2,1790.3
model_explorer_mp_hand_landmark_full_local_model,2,1560.6
model_explorer_batu_ProjNar_GitHub_5,2,53685.5
model_explorer_aiy_vision_classifier_plants_V1_9b84407188105ac5c24cd2e6db3b2cbc_TFHub,2,1186.4
model_explorer_TiVo_dts-studio_GitHub_10,2,1564
model_explorer_AnishPawar_DSC-Eye-of-God_GitHub_4,2,164.4
model_explorer_onnx_models_GitHub_142,2,405.9
model_explorer_MobileNetV2_5e4e1a101e8f7a5cd6956ae8f378d5c8_Coral,2,2000.9
model_explorer_openvinotoolkit_openvino_GitHub_27,2,83998.3
model_explorer_FRILL_d830529e1248d3d75f95c02da4cfebf8_PINTO_5,2,2650.9
model_explorer_raytheonbbn_tak-ml_GitHub_4,2,164.4
model_explorer_steverab_failing-loudly_GitHub_1,2,24054.1
model_explorer_netsec917_Hikari-IDS_GitHub_3,2,826446.3
model_explorer_kuff_medslr_GitHub,2,203832
model_explorer_ShufflenetV2x1.0_c665fabb58ff94de6df98d89c25e5ae9_OpenVINO,2,1732.2
model_explorer_AIBenchmarkMobile_9c04ddfcdd62b9474d5f4b76eed363bf_AIBenchmark_21,2,2044.8
model_explorer_imagenet_mobilenet_v1_025_224_classification_fd665875f3ab208a0ca57cc14fbedab8_TFHub,2,2213.3
model_explorer_TiVo_dts-studio_GitHub_11,2,299.8
model_explorer_MAPLELEAF3659_snake-game-ml-agent_GitHub,2,16317.5
model_explorer_facial_expression_recognition_mobilefacenet_e12622b988d7e35a68309814a17ef21b_PINTO_4,2,3075.6
model_explorer_vehicle-attributes-recognition-barrier-0042_8a6998b14372a9a9b3f62d0caf3bca34_PINTO_5,2,887.2
model_explorer_maxlegrec1_DetectionFdF_GitHub,2,72.2
model_explorer_driver-action-recognition-adas-0002-encoder_fc316ce76647ed4da2457956cb09b4b1_PINTO_2,2,2050.5
model_explorer_temmyzeus_No-Toxic_GitHub,2,800.1
model_explorer_pmcbride_REDNet-TensorFlow_GitHub,2,5641.4
model_explorer_mnasnet_1.0_224_9ef5c95f737ba707019d2d533e4e400a_TFHub,2,1199.2
model_explorer_arbitrary_image_stylization_4ec16d9ab58918bed5e2a300c25dca76_PINTO,2,1528.8
model_explorer_gordinmitya_dnn_benchmark_GitHub_1,2,2022.1
model_explorer_onnx_models_GitHub_72,2,1730.1
model_explorer_octoml_octoml-examples_GitHub_3,2,1732.7
model_explorer_mobilenet_v1_1.0_224_3f45a1889f6d8dafde1351ea198c8548_TFHub,2,1784.5
model_explorer_AnishPawar_DSC-Eye-of-God_GitHub_1,2,1784.5
model_explorer_quarrying_quarrying-plant-id_GitHub,2,1604.8
model_explorer_espcn_x2_57a3f9e845f7f295cab834ea295a5532_Hailo,2,162.4
model_explorer_batu_ProjNar_GitHub,2,29403.1
model_explorer_asus4_tf-lite-unity-sample_GitHub_2,2,1528.8
model_explorer_ML-Chen_vaporwave-gan_GitHub,2,1610.6
model_explorer_dong-haha_deeplearning_javaweb_GitHub,2,2050.7
model_explorer_face-detection-0100_18be1390c6f70f90ff9e4bae53f2b72a_PINTO_11,2,1218
model_explorer_kklosowski_CIFAR10-with-Keras_GitHub,2,12427.5
model_explorer_zetane_viewer_GitHub_17,2,411.5
model_explorer_onnx_models_GitHub_73,2,411.5
model_explorer_mobilenet_v1_0.25_192_7e1ea4e3ac7ec5b71609e19dc9bb6771_TFHub,2,2972.3
model_explorer_kkweon_mnist-competition_GitHub,2,632.1
model_explorer_object_detection_mobile_object_labeler_v1_29a1baa771f787ef32d0ff31cc78d1c5_TFHub,2,2095.8
model_explorer_onnx_models_GitHub_58,2,1178
model_explorer_BadagalaAdarsh_ASL_GitHub,2,516.6
model_explorer_commaai_openpilot_GitHub_1,2,1125.9
model_explorer_LiteTrack_b19f7faeca97c37f3a569028f1f6ddc7_PINTO_2,2,1153.9
model_explorer_MobileNetV2_a66cec24b74b28c92f8bd2c75174cb40_Coral,2,2051.3
model_explorer_onnx_models_GitHub_45,2,1178.2
model_explorer_onnx_models_GitHub_128,2,411.5
model_explorer_ZICCORP_deep-learning-projects_GitHub,2,1972386.6
model_explorer_YAMNet_4a5f991ff1ae5529ac2a9166ac5dc226_PINTO_4,2,5067.2
model_explorer_MobileNetV1_7864375789ac5d0bde53382ab1e34807_Coral,2,1784.5
model_explorer_fabianhasse_openpilot_GitHub,2,1124.1
model_explorer_openvinotoolkit_openvino_GitHub_25,2,2064.9
model_explorer_myacobb_projectAvalanche_GitHub_1,2,1124.3
model_explorer_yolov8s-cls_local_model,2,864
model_explorer_MobileNetV21.0224_9265790c6211edb0136c88cfa87a5dd2_OpenVINO,2,2022.4
model_explorer_batu_ProjNar_GitHub_6,2,53685.5
model_explorer_mnasnet_1.0_96_b904282a9ac82d08187e1ddd4ba3ada7_TFHub,2,3644.7
model_explorer_onnx_models_GitHub_11,2,1732.7
model_explorer_darrenyao87_tnn-models_GitHub_1,2,1423.9
model_explorer_utopiaZhang_devops_for_datascience_GitHub_2,2,1918.4
model_explorer_squeezenet_complex_local_model,2,470.2
model_explorer_rajasoun_nlp_GitHub,2,4631.6
model_explorer_HHP-Net_821b130f29bfe641c1f1d4434a3674b4_PINTO,2,361925.4
model_explorer_quarrying_quarrying-celebrity-id_GitHub_1,2,3088.8
model_explorer_batu_ProjNar_GitHub_16,2,29403.1
model_explorer_ultraface_640_local_model,2,354.7
model_explorer_batu_ProjNar_GitHub_9,2,53685.5
model_explorer_BlazeFace_441468b8afe47ed33b41d17979de449d_PINTO,2,4947.4
model_explorer_vehicle-attributes-recognition-barrier-0039_24bce763e81d631cbef3a103f77d9c7f_PINTO_5,2,5246.7
model_explorer_netsec917_Hikari-IDS_GitHub_4,2,830564.8
model_explorer_gernet_s_local_model,2,1209.5
model_explorer_asus4_tf-lite-unity-sample_GitHub_7,2,1165.1
model_explorer_MobileNetV1_e1b7babf69061a94ac0670870a1e1e76_Coral,2,1784.5
model_explorer_torinmb_mediapipe-touchdesigner_GitHub_3,2,177.7
model_explorer_UltraLightweightFaceDetectionRFB320_960a5214e4dac129651b234f3bf0584b_OpenVINO,2,1408.2
model_explorer_piyx_ImageProcessingApplications_GitHub,2,4766.9
model_explorer_opencv_opencv_zoo_GitHub_12,2,269.8
model_explorer_ersilia-os_eos3ae7_GitHub,2,531349.6
model_explorer_efficientnet_lite0_classification_d5ba646fbc2619764c0261e69b13a86a_TFHub,2,1398.6
model_explorer_Selfie_Segmentation_eace39a3611846452997cd3d22a4a865_PINTO_1,2,177.7
model_explorer_Selfie_Segmentation_eace39a3611846452997cd3d22a4a865_PINTO_2,2,169.4
model_explorer_yuradanyliuk_AutomaticParking_GitHub_3,2,433463.4
model_explorer_mnasnet_1.0_160_f874e904c45b00b820ecb95ba4c8a962_TFHub,2,2130.9
model_explorer_mshayganfar_chista_GitHub_1,2,3313.3
model_explorer_mp_selfie_segmentation_local_model,2,177.7
model_explorer_cropnet_classifier_cassava_disease_V1_7e693311a1ce243b5315a36dc65a460e_TFHub,2,1166.3
model_explorer_mp_face_detection_full_range_local_model,2,489.5
model_explorer_asus4_tf-lite-unity-sample_GitHub_5,2,1345.4
model_explorer_HBONet0.25_7117475a66cad230a8fb88792121e0d1_OpenVINO,2,1219.9
model_explorer_yolov3-lite_54861eb28f72c109b69d2110ba8cde5c_PINTO_5,2,460.2
model_explorer_CNelis_myArtApp_GitHub,2,1216.8
model_explorer_SKT27182_portfolio_GitHub_8,2,8572.1
model_explorer_mobilenet_v1_0.25_160_quantized_7258db3c7f6c68d033c3e5849c5b0b22_TFHub,2,4255.6
model_explorer_openvinotoolkit_openvino_GitHub_22,2,580.7
model_explorer_cstub_ml-ids_GitHub_1,2,299850.1
model_explorer_theDataFox_capstone_GitHub,2,135.3
model_explorer_openvinotoolkit_openvino_GitHub_5,2,1941.9
model_explorer_onnx_models_GitHub_165,2,1460.7
model_explorer_BLRSAI_VEXAI-Sim_GitHub_1,2,811688.3
model_explorer_rainbowbismuth_bird-vision_GitHub_1,2,84203.4
model_explorer_usubioinfo_malivhustandalone_GitHub,2,1539.8
model_explorer_YuNetV2_7211ef47fdd0f316eea7a167c2838751_PINTO_3,2,269.9
model_explorer_lightface_slim_a32fbd29f2df85560c144138bb7221ff_Hailo,2,1423.9
model_explorer_imagenet_mobilenet_v3_large_075_224_feature_vector_19188b8fc6bfbf1475a81462672bdbeb_TFHub,2,197.5
model_explorer_Estacao-pilhas-pi2_battery-analyser_GitHub,2,730.9
model_explorer_NVIDIA-ISAAC-ROS_isaac_ros_dnn_stereo_disparity_GitHub,2,107.7
model_explorer_MobileNetV2_b41676ee67842101d342dd88961ddea4_Coral,2,2046.6
model_explorer_NathaAix_detection_GitHub,2,195.2
model_explorer_yuradanyliuk_AutomaticParking_GitHub_2,2,434027.8
model_explorer_imagenet_mobilenet_v2_035_96_classification_609b09cce2876554dad240ce7b28cef1_TFHub,2,10571
model_explorer_mnasnet_1.3_224_d4c5d0f37ae34012f0d2e961e8249639_TFHub,2,1063.5
model_explorer_mobilenet_v1_0.50_160_quantized_b64d8c4c26a5574eb6bc7054416e38ff_TFHub,2,3800.1
model_explorer_navn-r_yuHacks21_GitHub,2,5216.4
model_explorer_batu_ProjNar_GitHub_1,2,53685.5
model_explorer_adit-g_willow_GitHub,2,54083.3
model_explorer_mp_face_detection_short_range_local_model,2,4937.1
model_explorer_yolov1_tiny_local_model,2,257.4
model_explorer_SynergyNet_bd634b56ca115616db0e1cc2a0459f5d_PINTO_1,2,5867.5
model_explorer_mobilenetv2-ssdlite_4254f13f8c85cb87bacaeae0d0bab7eb_PINTO_2,2,633.7
model_explorer_MiesnerJacob_computer-vision-streamlit_GitHub,2,156813.5
model_explorer_alejoortizd_test_GitHub,2,3881.9
model_explorer_imagenet_mobilenet_v3_small_075_224_feature_vector_87fd5db86edd3e410b475581fe33c557_TFHub,2,197.5
model_explorer_MobileOne_d3705525e4cfc3ebe256dda46b488605_PINTO_1,2,906.5
model_explorer_face_attr_resnet_v1_18_a3c4d9cfdcd350ef27b5ad17044a97ec_Hailo,2,325
model_explorer_HHP-Net_821b130f29bfe641c1f1d4434a3674b4_PINTO_28,2,651041.7
model_explorer_torinmb_mediapipe-touchdesigner_GitHub_7,2,299.8
model_explorer_PP-LCNetV2_74a1019134f7a3775833d121b9486efd_PINTO_4,2,1382.2
model_explorer_raytheonbbn_tak-ml_GitHub_1,2,1784.5
model_explorer_imagenet_mobilenet_v1_025_192_classification_b8e402df2a973fbe9dd23cf71a42756e_TFHub,2,2972.3
model_explorer_AntiSpoofNet_07795bfa63d564c86bc5b21bc5ec91bb_OpenVINO,2,2234.2
model_explorer_RegNetX002_94e18f2b57390d662f4b89588a40ec3c_KerasApps,2,1502.3
model_explorer_yolov3-lite_54861eb28f72c109b69d2110ba8cde5c_PINTO_4,2,460.1
model_explorer_opencv_opencv_zoo_GitHub_5,2,241.4
model_explorer_mrdakj_letters_GitHub,2,2549
model_explorer_ersilia-os_image-based-dl_GitHub,2,512.6
model_explorer_efficientnet_lite1_classification_aa4301730a28e9fcd33556a0640f4ce1_TFHub,2,792.7
model_explorer_onnx_models_GitHub_119,2,1177.8
model_explorer_steverab_failing-loudly_GitHub_2,2,24054.1
model_explorer_MobileNetV11.0224_a29aa60fa7b17e5dde663a7afa14a63b_OpenVINO_1,2,1784.5
model_explorer_TheJacksonLaboratory_CUP-AI-Dx_GitHub,2,532.5
model_explorer_Speech-enhancement_b160abe9c8b1b7a73b132577c018bd94_PINTO_6,2,669.6
model_explorer_openvinotoolkit_openvino_GitHub_11,2,470.4
model_explorer_logicthinkedu_CVJD_Demo_GitHub,2,39.2
model_explorer_axinc-ai_onnx-quantization_GitHub_3,2,2024.1
model_explorer_hardnet39ds_faff4e149a7586471f3ea8f297fed03f_Hailo,2,453.3
model_explorer_mrakesh0608_Sahaay_GitHub,2,516
model_explorer_Anshal55_Real-time-age-gender-and-emotion_GitHub,2,5544.7
model_explorer_mp_selfie_segmentation_landscape_local_model,2,299.8
model_explorer_RevTpark_pokeDex-app_GitHub,2,1863.9
model_explorer_facial_expression_recognition_mobilefacenet_e12622b988d7e35a68309814a17ef21b_PINTO_6,2,3089.3
model_explorer_squeezenet_7512787ef918e0045b9d956b3edc283b_TFHub,2,478.1
model_explorer_emza-vs_ModelZoo_GitHub_3,2,783.7
model_explorer_SSDMobileNetV2_062004a403d4681fd697b105381df239_Coral,2,786.7
model_explorer_speech_enhancement_unet_local_model,2,670
model_explorer_GGolfz_Papaya-Backend_GitHub,2,339.5
model_explorer_mobilenet_v1_0.50_128_quantized_1179e66f6fa1792e08f280eee3cdc38f_TFHub,2,6383.8
model_explorer_Tox1cCoder_CatsVsDogsClassification_GitHub,2,2899.6
model_explorer_onnx_models_GitHub_4,2,1178.2
model_explorer_RegNetY002_5c61b8901651140b31f1090e3419880e_KerasApps,2,822.4
model_explorer_mobilenet_v1_1.0_160_quantized_6d07d9e605753e870edfcad175b7645b_TFHub,2,321.6
model_explorer_centernet_mobilenetv2_kpts_local_model,2,194.9
model_explorer_open-closed-eye-0001_8d44147a988e0f99ddb31beb1e69717c_PINTO_2,2,22000.7
model_explorer_balanarenmar_Project_Helping_Hands_GitHub_7,2,1165.1
model_explorer_sutongkui_SubPhysics_GitHub,2,251067
model_explorer_object_detection_mobile_object_localizer_v1_219f90d4ed1d812ac311ccbce9b00d77_TFHub,2,2405.3
model_explorer_batu_ProjNar_GitHub_14,2,29403.1
model_explorer_ndawinata_Flask-RestAPI-CNN-Awan_GitHub,2,1723.4
model_explorer_opencv_opencv_zoo_GitHub_33,2,613.2
model_explorer_ML-Chen_vaporwave-gan_GitHub_1,2,10124.7
model_explorer_MoveNet.SinglePose.Thunder_3275884469dd477b7ae85170e49c44b6_Coral,2,182.5
model_explorer_onnx_models_GitHub_54,2,327.1
model_explorer_onnx_models_GitHub_93,2,327.1
model_explorer_onnx_models_GitHub_10,2,1460.7
model_explorer_imagenet_mobilenet_v3_large_100_224_feature_vector_53a3a715a5aa23e489fc4b242ba873b9_TFHub,2,197.5
model_explorer_openvinotoolkit_openvino_GitHub_20,2,1494.4
model_explorer_unet_mobilenet_v2_128_local_model,2,164.1
model_explorer_Semantic-Guided-Low-Light-Image-Enhancement_663666c92c77a498ea4aafe25dbeaad9_PINTO_8,2,3230.6
model_explorer_onnx_models_GitHub_125,2,327.1
model_explorer_emza-vs_ModelZoo_GitHub_1,2,1679.3
model_explorer_yuradanyliuk_AutomaticParking_GitHub_4,2,434782.6
model_explorer_yolov5n_leaky_416_local_model,2,399.9
model_explorer_onnx_models_GitHub_53,2,314.6
model_explorer_mzakharo_tubby_GitHub,2,1972386.6
model_explorer_ResNet18_b2464f4cf9b035822a1bdbf6c71cca75_OpenVINO,2,301.7
model_explorer_PP-LCNetV2_74a1019134f7a3775833d121b9486efd_PINTO_10,2,1382.2
model_explorer_edgetpu_vision_mobilenet-edgetpu-v2_tiny_6f8c5287d688a357bf94be4ad394ce4f_TFHub,2,1364
model_explorer_batu_ProjNar_GitHub_8,2,53685.5
model_explorer_onnx_models_GitHub_156,2,314.6
model_explorer_SSDMobileNetV1_6f2707aefd6046ca5b21381ad0ca9b41_Coral,2,819.1
model_explorer_palak2665_Express-U_GitHub_1,2,2214.4
model_explorer_balanarenmar_Project_Helping_Hands_GitHub_1,2,237.8
model_explorer_american-sign-language_66f5c57e44be1bf54820dd40fa1cefe3_TFHub,2,2002.8
model_explorer_JosephCatrambone_pixelbox_GitHub_1,2,337.9
model_explorer_YOLOv5_Face_36483c4542b0ef195191ad8329579095_PINTO_1,2,480.1
model_explorer_noisebridge_marys-lamb_GitHub,2,164.1
model_explorer_inferenceengine_shadernn_GitHub_4,2,4463.3
model_explorer_astrorama_SourceXtractor-litmus_GitHub,2,127.5
model_explorer_Sao-jung-listens-well_WIT_GitHub_2,2,197.5
model_explorer_teplandr_Visioneer_GitHub_1,2,354.7
model_explorer_imagenet_mobilenet_v1_025_128_classification_7c40dc544afd13a4a4b6d9cc65c5129c_TFHub,2,6618.5
model_explorer_yuradanyliuk_AutonomousParking_GitHub,2,434027.8
model_explorer_aiy_vision_classifier_food_V1_77768c4b0a564751dcef96a209696dfb_TFHub,2,2312.2
model_explorer_torinmb_mediapipe-touchdesigner_GitHub_5,2,555.7
model_explorer_batu_ProjNar_GitHub_15,2,53676.9
model_explorer_RegNetX006_4b8366d2a1caf6239fe8c4204e1c2321_KerasApps,2,346.7
model_explorer_tddfa_mobilenet_v1_4fac64eae00af43aa91a0a9347d75e60_Hailo,2,4568.7
model_explorer_mshayganfar_chista_GitHub_3,2,3313.3
model_explorer_M-Borsuk_CNN-Pneumonia-Classification_GitHub,2,1567.7
model_explorer_tiny_yolov3_51137831371ca637c3745da0cc3f8983_Hailo,2,296.6
model_explorer_islem-esi_DeepMalwareDetector_GitHub,2,4464.5
model_explorer_rainbowbismuth_bird-vision_GitHub,2,4590.7
model_explorer_netsec917_Hikari-IDS_GitHub_5,2,823723.2
model_explorer_imagenet_mobilenet_v3_large_100_224_classification_31c913c9c7e4305a1ae71b220741a1ab_TFHub,2,197.5
model_explorer_asus4_tf-lite-unity-sample_GitHub_4,2,1748.9
model_explorer_mp_object_detection_3d_camera_local_model,2,1565
model_explorer_yolov3_tiny_local_model,2,296.3
model_explorer_autowarefoundation_modelzoo_GitHub_1,2,154
model_explorer_SFace_4e5c5070fa3991c22232cce70e83cf24_PINTO_11,2,1192.2
model_explorer_MobileNet_5fe9891458ef6e712804058a3fe75842_KerasApps,2,1793.4
model_explorer_imagenet_mobilenet_v3_small_100_224_feature_vector_6dd0531639674eb62e502bdadc46e834_TFHub,2,197.5
model_explorer_gordinmitya_dnn_benchmark_GitHub_3,2,1399.6
model_explorer_broadinstitute_ml4h_GitHub_1,2,184.4
model_explorer_YuNetV2_7211ef47fdd0f316eea7a167c2838751_PINTO_7,2,269.9
model_explorer_TiVo_dts-studio_GitHub_5,2,1749.2
model_explorer_openvinotoolkit_openvino_GitHub_24,2,229568.4
model_explorer_hotg-ai_rune_GitHub_2,2,8449
model_explorer_AIBenchmarkMobile_9c04ddfcdd62b9474d5f4b76eed363bf_AIBenchmark_35,2,103766.7
model_explorer_MAPLELEAF3659_snake-game-ml-agent_GitHub_1,2,811688.3
model_explorer_asus4_tf-lite-unity-sample_GitHub,2,258.5
model_explorer_steverab_failing-loudly_GitHub_3,2,101626
model_explorer_kevin-emmatty_healthcare_GitHub,2,119.3
model_explorer_InceptionV1_8a9bab243e0778a9c24944003dcdcbed_Coral,2,566.5
model_explorer_balanarenmar_Project_Helping_Hands_GitHub_5,2,262.9
model_explorer_repvgg_a0_person_reid_512_ef97e10f32d020026aa5253d910eb1cb_Hailo,2,442.6
model_explorer_mobilenet_v1_0.75_192_quantized_2641307dc0f3513d85b34dbaabb45c5d_TFHub,2,1421.3
model_explorer_kackey0-1_project_ai_GitHub,2,8014.7
model_explorer_jaigane6387_images_classifier_GitHub,2,110.4
model_explorer_mobilenetv1_ssd_local_model,2,910.5
model_explorer_SSDMobileNetV2_589403945254b2695574dd897779538d_Coral,2,565.6
model_explorer_hand_recrop_d0cd901ee9e65a855937a0823a3a68b6_PINTO_6,2,1008.9
model_explorer_M-LSD_068202de165844f96307a44e9e1910f8_PINTO,2,595.5
model_explorer_regnety_200mf_ce8054f7a23d2098f8c1b54335bbc773_Hailo,2,1251.9
model_explorer_FabianGroeger96_cnn-number-detection_GitHub_2,2,14223.5
model_explorer_lewiuberg_tumorclass.info_GitHub,2,1779.3
model_explorer_ltiao_zalando-classification_GitHub,2,668449.2
model_explorer_EfficientNet-EdgeTpu(S)*_d16cb6c56695418ad7344e294464862c_Coral,2,362.5
model_explorer_models_edgetpu_checkpoint_and_tflite_vision_segmentation-edgetpu_tflite_default_argmax_cd5cb2f80a903284831aa2b70cc7a8f3_PINTO_2,2,2993.9
model_explorer_Light-SERNet_521ccf093256c61a558f00016e572873_PINTO_3,2,1475.9
model_explorer_batu_ProjNar_GitHub_2,2,53685.5
model_explorer_mp_pose_landmark_lite_local_model,2,212.3
model_explorer_SwaggyMacro_MiraiNsfwBot_GitHub_1,2,1784.9
model_explorer_resnet_v1_18_e06eb310c808dcdd235188aec6179f3d_Hailo,2,301.7
model_explorer_SatyamVyas00_Cloudburst-Prediction-using-GAF-and-CNN_GitHub_1,2,852
model_explorer_FaceBoxes_6e1df205b97688e34bef8e2e23544af2_OpenVINO,2,107.2
model_explorer_onnx_models_GitHub_61,2,6479.2
model_explorer_Emotion_FERPlus_1a14c09c00f0f31d4c82d35e7713daa0_PINTO_8,2,382.1
model_explorer_aqibbangash_image-search-python_GitHub,2,700.9
model_explorer_MobileNetV1_65b6e70bda63213f7d7009c0f101127f_Coral,2,1786.1
model_explorer_netsec917_Hikari-IDS_GitHub,2,385802.5
model_explorer_LiteTrack_b19f7faeca97c37f3a569028f1f6ddc7_PINTO_4,2,1153.5
model_explorer_IINemo_isanlp_srl_framebank_GitHub,2,4805
model_explorer_centernet_mobilenetv2_local_model,2,233
model_explorer_drminix_facialpointviewer_GitHub,2,10291.1
model_explorer_ltiao_zalando-classification_GitHub_2,2,668449.2
model_explorer_resnet_v2_18_7c2042519d9e892a23977db189205cdf_Hailo,2,302.1
model_explorer_mobilenet_v1_0.75_224_b9e13f62ae98d9c509bfb99fb381f7e6_TFHub,2,2084.7
model_explorer_sebastianstarke_AI4Animation_GitHub,2,429553.3
model_explorer_ltiao_zalando-classification_GitHub_1,2,668449.2
model_explorer_yeahaluu_Public_Sinsunai_GitHub,2,69.6
model_explorer_mp_iris_landmark_local_model,2,8907.6
model_explorer_mp_pose_landmark_full_local_model,2,139.3
model_explorer_edgetpu_vision_mobilenet-edgetpu-v2_xs_7fd60912fbde9b2be04426045773e6a5_TFHub,2,1346.1
model_explorer_xmartlabs_malaria-detector_GitHub_1,2,4053.9
model_explorer_wilsonloo_faceEmotionCppLinux_GitHub_1,2,2415.9
model_explorer_inferenceengine_shadernn_GitHub_5,2,296.8
k_real_mobilenetv3_small_minimalistic_performance,2,2192
model_explorer_AIBenchmarkMobile_9c04ddfcdd62b9474d5f4b76eed363bf_AIBenchmark_22,2,2045.2
model_explorer_ankurdave_bird-models_GitHub_1,2,163.9
model_explorer_MobileNetV3_ec9cf19c660f0e3acbbdadb13bbbaadf_Coral,2,1432.4
model_explorer_steverab_failing-loudly_GitHub,2,6257
model_explorer_TiVo_dts-studio_GitHub,2,389.5
model_explorer_person-attributes-recognition-crossroad-0230_a27483802aed8e6996feca25bd5e430c_PINTO_7,2,2654.4
model_explorer_broadinstitute_ml4h_GitHub_3,2,474.3
model_explorer_Rhoban_env_public_GitHub,2,14296.1
model_explorer_RegNetY004_134b21ee2691ffc43d0339f3487b948e_KerasApps,2,189.9
model_explorer_cstub_ml-ids_GitHub,2,299850.1
model_explorer_onnx_models_GitHub_36,2,2024.9
model_explorer_FabianGroeger96_cnn-number-detection_GitHub,2,14230
model_explorer_RegNetX004_e9434bdaa5ac63e78d2cdd1aa41ace58_KerasApps,2,639.9
model_explorer_HBONet1.0_66b1ecc71c056996ce9c0a8470aedc86_OpenVINO,2,554.5
model_explorer_mobilenet_v1_0.25_128_f8b395e8c5c1c18dcb10ff89c84267d5_TFHub,2,6618.5
model_explorer_disease-classification_2087a4b67f9d3d4b5efc168d9263eef0_TFHub,2,954.9
model_explorer_gordinmitya_dnn_benchmark_GitHub,2,2022.8
model_explorer_repvgg_a1_6a1c3969346e25860f08c674738e0e67_Hailo,2,472.6
model_explorer_TiVo_dts-studio_GitHub_6,2,490.2
model_explorer_kuff_medslr_GitHub_2,2,203832
model_explorer_balanarenmar_Project_Helping_Hands_GitHub_13,2,256.2
model_explorer_ssd_mobilenet_v2_mnasfpn_shared_box_predictor_d233be6616284890814c9c59cf20e346_PINTO,2,192.4
model_explorer_ZJU-lishuang_yolov5_tensorrt_GitHub_1,2,164
model_explorer_Sao-jung-listens-well_WIT_GitHub_12,2,584.9
model_explorer_face_landmark_11e7e3fbb51ee269b0caadc0a051b57f_PINTO_1,2,4104.8
model_explorer_onnx_models_GitHub_52,2,127.5
model_explorer_doch2_AE-DNN-model-data_GitHub,2,20380.7
model_explorer_MST-Robotics_2022-Vision_GitHub,2,164
model_explorer_NSFW_a14729dd4a8a86ef5a46be3f464b78a2_PINTO_10,2,901.4
model_explorer_YuNet_62443df09472306e47a98f70b9922e9e_PINTO_7,2,5548.8
model_explorer_onnx_models_GitHub_103,2,2022.8
model_explorer_ssdmobilenetv2_fpnlite_local_model,2,265.5
model_explorer_kneron_ONNX_Convertor_GitHub,2,2140.4
model_explorer_batu_ProjNar_GitHub_13,2,53685.5
model_explorer_moshimeow_mercury_steamvr_driver_GitHub_1,2,4175.8
model_explorer_onnx_models_GitHub_144,2,302.1
model_explorer_ankurdave_bird-models_GitHub,2,164
model_explorer_calderon0423_Perfectly_Paired_GitHub_1,2,375798.6
model_explorer_imagenet_mobilenet_v3_small_075_224_classification_ba1a0bff8e0c1fc1716e3922affd6983_TFHub,2,1791.9
model_explorer_shaolang_ml-zoomcamp_GitHub,2,4330.4
model_explorer_DivyaArunthathiar_Alzheimer-Detection_GitHub_1,2,1794.5
model_explorer_imagenet_mobilenet_v3_large_100_224_classification_d25888f018f2ec62d432d6eb60984f0d_TFHub,2,931.5
model_explorer_arbitrary-image-stylization-inceptionv3_fead3bf44d449aa6f36d6d2b49aadeb8_TFHub,2,346
model_explorer_batu_ProjNar_GitHub_17,2,29403.1
model_explorer_BadagalaAdarsh_ASL_GitHub_1,2,972.5
model_explorer_yichenghuang980_emotion-detection_GitHub,2,1874.2
model_explorer_openvinotoolkit_openvino_GitHub_28,2,716332.4
k_real_mobilenetv3_small_performance,2,1663.9
model_explorer_SSDMobileNetV2_a2ce86d9062646dc52501e487aae8a9f_Coral,2,786.9
model_explorer_naruto_handsign_detection_922515cecfa85eae99fc2b348f04d906_PINTO_5,2,295.1
model_explorer_yolov5s_leaky_416_local_model,2,229.5
model_explorer_utopiaZhang_devops_for_datascience_GitHub,2,2163.1
model_explorer_har932_Pneumonia-Detection_GitHub,2,111.7
model_explorer_AIBenchmarkMobile_9c04ddfcdd62b9474d5f4b76eed363bf_AIBenchmark_23,2,2042.1
model_explorer_joncoons_Manufacturing-Vision-Accelerator-AMD64-v2_GitHub_3,2,148.3
model_explorer_openvinotoolkit_openvino_GitHub_23,2,359.9
model_explorer_Mukuntanku_Cat-Dog-Classification-Detection_GitHub,2,3418.3
model_explorer_singhjsw_Building-Damage-Detection-based-on-Post-Hurricane-Satellite-Imagery-using-Transfer-Learning-and-Conv_GitHub,2,1170.6
model_explorer_pspnet_local_model,2,67.1
model_explorer_batu_ProjNar_GitHub_11,2,4410.9
model_explorer_SKT27182_portfolio_GitHub_5,2,5726.2
model_explorer_andromaqui_remote_handGesture_deviceControl_GitHub_1,2,1678.8
model_explorer_face-detection-adas-0001_17ded224973f9cee1702b8fe01a4380c_PINTO_4,2,412.8
model_explorer_42io_esp32_kws_GitHub,2,106224.8
model_explorer_mobilenet_v1_0.75_160_9512a8f721691dc534f496d684af3db2_TFHub,2,4029.6
model_explorer_Sao-jung-listens-well_WIT_GitHub_6,2,194.3
model_explorer_torinmb_mediapipe-touchdesigner_GitHub_10,2,327.7
model_explorer_Sao-jung-listens-well_WIT_GitHub_14,2,1015.5
model_explorer_onnx_models_GitHub_83,2,1460.4
model_explorer_yolox_nano_ti_lite_local_model,2,428.2
model_explorer_unet_mobilenet_local_model,2,105.3
model_explorer_mshayganfar_chista_GitHub_2,2,3314.5
model_explorer_TiVo_dts-studio_GitHub_13,2,8907.6
model_explorer_opencv_opencv_zoo_GitHub_13,2,197
model_explorer_SuavePirate_FaceONNX.Models_GitHub_4,2,266.1
model_explorer_mp_object_detection_3d_cup_local_model,2,1563.4
model_explorer_aiy_vision_classifier_insects_V1_3781f9a5abee268c189cf64e521c92c7_TFHub,2,1200.4
model_explorer_scrfd_500m_d0f788434ac4b3f9ec710402f89ed89d_Hailo,2,264.3
model_explorer_mshayganfar_chista_GitHub,2,3312
model_explorer_IBM_mini-era_GitHub,2,6871.5
model_explorer_mobilenet_v1_0.75_128_38e81efa72cdbe49642b2cc5364bf6db_TFHub,2,6208.2
model_explorer_avinesh1906_etherBots-ML-API_GitHub,2,46.7
model_explorer_mp_object_detection_3d_sneakers_local_model,2,1563.8
model_explorer_AIBenchmarkMobile_9c04ddfcdd62b9474d5f4b76eed363bf_AIBenchmark_45,2,335.8
model_explorer_hwajlee_TIL_GitHub_5,2,719424.5
model_explorer_BogGyver_openpilot_GitHub,2,1201.9
model_explorer_mnasnet_1.0_192_71bfa7b63a1a08477991fb468762ea4a_TFHub,2,1850
model_explorer_MobileStyleGAN_97ee8f4ce997135b6de496d9589b2564_PINTO,2,108707.5
model_explorer_NahidEbrahimian_Face-Mask-Detection_GitHub,2,763.8
model_explorer_person-vehicle-bike-detection-crossroad-1016_8e88cce1386f3e5f604fd18cb1d7c584_PINTO_11,2,311.7
model_explorer_yolov5n_leaky_local_model,2,182
model_explorer_mobilenet_v1_0.50_192_quantized_a7878c246464859682e78b9d9388b91e_TFHub,2,2873.4
model_explorer_yolov5n_leaky_320_local_model,2,722.1
model_explorer_hf-internal-testing_tiny-random-resnet_1c891d4e83bfef5f823672e05e771592_HuggingFace,2,951.2
model_explorer_hanyax_simd_gpu_profilling_GitHub,2,301.5
model_explorer_joncoons_Manufacturing-Vision-Accelerator-AMD64-v2_GitHub_7,2,1729.6
model_explorer_Ternaku-id_ternaku-bangkit-machine-learning_GitHub_6,2,2001.9
model_explorer_EfficientNet-EdgeTpu(S)_b4cd2655bde79755842e717d3a6cad08_Coral,2,361.3
model_explorer_mobilenet_v1_0.25_160_2506467930e73a4084629094c8a3debf_TFHub,2,4237.5
model_explorer_deeplab_v3_plus_mobilenetv2_local_model,2,211.2
model_explorer_Sao-jung-listens-well_WIT_GitHub_8,2,517.5
model_explorer_EfficientNetB0_911d0527aad9dd549d917351bbeea0fc_OpenVINO,2,360
model_explorer_RTMPose_Animal_8950a3d36a958cf6533d3b1afd0224c2_PINTO_2,2,200.8
model_explorer_quarrying_quarrying-insect-id_GitHub_1,2,1604
model_explorer_spokestack_app-actions-example_GitHub_3,2,437636.8
model_explorer_thawro_yolov8-digits-detection_GitHub_1,2,649.8
model_explorer_mobilenet_v1_1.0_160_b3e059bfa5576e6c58c723baffcb6c25_TFHub,2,3696.6
model_explorer_openvinotoolkit_vpux_plugin_GitHub,2,254.9
model_explorer_TiVo_dts-studio_GitHub_14,2,235.7
model_explorer_imagenet_mobilenet_v3_large_075_224_classification_d2482d40e214f2b9cc1a6d3118e1c7d6_TFHub,2,1257.4
model_explorer_vehicle-license-plate-detection-barrier-0106_e5a332ce547ffd8c098f0f501d38af08_PINTO,2,1148.2
model_explorer_MobileNetv1BodyPix_0e700892756f0f4a71a8ba7ce9f0f303_Coral,2,398.9
model_explorer_asus4_tf-lite-unity-sample_GitHub_9,2,343.6
model_explorer_rsandrini_dnd-dice-detection-cnn_GitHub,2,80.7
model_explorer_mp_pose_detection_local_model,2,241.4
model_explorer_AIBenchmarkMobile_9c04ddfcdd62b9474d5f4b76eed363bf_AIBenchmark_20,2,2045.2
model_explorer_pedestrian-and-vehicle-detector-adas-0001_bcd1c88a2dba6381fa7b8ad3c5e888f0_PINTO_4,2,409.7
model_explorer_yolo3_mobilenet_lite_416_coco_local_model,2,216.7
model_explorer_U-NetMobileNetv2_ad29c3d316648c034fa1579828bb6a20_Coral,2,164.2
model_explorer_Laknath1996_sEMG-Hand-Gesture-Recognition_GitHub,2,18507.6
model_explorer_EfficientNet-EdgeTpu(M)*_17ca9e21b8ca571bfec4cb7ea8689297_Coral,2,271.6
model_explorer_magenta_arbitrary-image-stylization-v1-256_c15660b2ef37bf02c8b1a472d7e32e41_TFHub,2,1528.8
model_explorer_kaiidams_TransferLearningAudio_GitHub,2,5067.2
model_explorer_efficientnet_lite2_classification_d264cde8b3621c44bd0a23c2f8682479_TFHub,2,555.7
model_explorer_yolox_s_416x416_ti_lite_local_model,2,107.4
model_explorer_InceptionV3_0168ae4c9dddd3c9473d4c5a93d1a070_Coral,2,427.7
model_explorer_openvinotoolkit_openvino_GitHub_6,2,228728.3
model_explorer_onnx_models_GitHub_140,2,327.1
model_explorer_openvinotoolkit_openvino_GitHub_21,2,6937.8
model_explorer_yolov8n-cls_local_model,2,1345.2
model_explorer_Light-SERNet_521ccf093256c61a558f00016e572873_PINTO_2,2,1475.9
model_explorer_onnx_models_GitHub_76,2,1461.7
model_explorer_PyDNet_e019cd5269fcdd2b8fedc1a4f5aca5a9_PINTO_8,2,243.3
model_explorer_Ternaku-id_ternaku-bangkit-machine-learning_GitHub_7,2,2002.3
model_explorer_vehicle-detection-0200_ddcdbc50476adbba978b19992a5bbcd7_PINTO_6,2,1217.2
model_explorer_yuradanyliuk_AutomaticParking_GitHub_1,2,434782.6
model_explorer_yolov7_tiny_416_local_model,2,226.6
model_explorer_person_attr_resnet_v1_18_569247e0d0041dd5716b6a8248c94031_Hailo,2,266.1
model_explorer_DroNet_4c91321c4eb865ee138024b6ac86faa1_PINTO_1,2,313.5
model_explorer_MobileNetV2_29e4e4933c88b4e6febf49573b706bf9_Coral,2,1687.6
model_explorer_opencv_opencv_zoo_GitHub_1,2,69.4
model_explorer_daniel-civitaramirez_CS147-FacialExpressionRecognition_GitHub,2,279
model_explorer_googlenet_local_model,2,607.5
model_explorer_ankurdave_bird-models_GitHub_3,2,163.9
model_explorer_asus4_tf-lite-unity-sample_GitHub_6,2,225.5
model_explorer_rachidelfe_CNN-MGP-SCRIPT_GitHub_1,2,251.4
model_explorer_gitguige_openpilot0.8.9_GitHub_1,2,1199.5
model_explorer_SynergyNet_bd634b56ca115616db0e1cc2a0459f5d_PINTO,2,5878.5
model_explorer_DeepSort_a96c756fb0475d2681df6eaede1152f9_PINTO_2,2,830.4
model_explorer_repvgg_a0_person_reid_2048_9f5724a7b3fa3b84f78ad838d90243b7_Hailo,2,442.6
model_explorer_lightcnn_v4_local_model,2,351.8
model_explorer_pedestrian-detection-adas-0002_fccc5d01ea5d57fc1538f04c628c26b4_PINTO_4,2,411.8
model_explorer_unet_local_model,2,105.5
model_explorer_NSFW_a14729dd4a8a86ef5a46be3f464b78a2_PINTO_11,2,902.3
model_explorer_onnx_models_GitHub_85,2,301.6
model_explorer_samuelkim7_pneumonia_cnn_GitHub,2,199.2
model_explorer_Harp0n_DermaApp_GitHub,2,1589.7
model_explorer_yolov5n_seg_83812029796508bc2cd73bcaa7587de8_Hailo,2,163.9
model_explorer_EfficientNet-EdgeTpu(M)_4372bddc60264ac65a5723a53c695d8e_Coral,2,321.2
model_explorer_mobilenetv2-poseestimation_edb5790df28ac1d501eaa1601440f0d5_PINTO_8,2,247.8
k_real_mobilenetv3_large_minimalistic_performance,2,1976.3
model_explorer_eFiniLan_legacypilot_GitHub,2,1197.6
model_explorer_MobileNetV2_82e6ff5236e4d328f331e9305b287043_KerasApps,2,1589.3
model_explorer_SuavePirate_FaceONNX.Models_GitHub_6,2,442.8
model_explorer_mobilenet_v1_0.75_224_quantized_1c5fec829ef37f96cbc155fc1223bb21_TFHub,2,1003.6
model_explorer_mp_object_detection_3d_chair_local_model,2,1564.7
model_explorer_RedisAI_redisai-examples_GitHub_1,2,145.3
model_explorer_slayerkenneth_FYP_BoAR_PSAN2_38_GitHub,2,250.5
model_explorer_adrianlachowicz_RESISC-Classifier_GitHub,2,262.1
model_explorer_repvgg_b0_local_model,2,251.6
model_explorer_arithescientist_aidiagnosis_GitHub,2,139.9
model_explorer_MobileNetV2_453e476449b6ac28463010feb9111eae_Coral,2,2044.3
model_explorer_PoseNetMobileNetV1_0be3629a51c40e6b971ddbc893fcdc6f_Coral,2,622.1
model_explorer_AIBenchmarkMobile_9c04ddfcdd62b9474d5f4b76eed363bf_AIBenchmark_26,2,224.2
model_explorer_octoml_octoml-examples_GitHub_5,2,250.5
model_explorer_mobilenet_v2_1.0_224_3b69ca6cbfbde163c5fa8cbb60cb197f_TFHub,2,2044.3
model_explorer_EfficientNetV2B1_b716bd2ae5d186e73b6e4d75e7abfe37_KerasApps,2,295.7
model_explorer_torinmb_mediapipe-touchdesigner_GitHub_2,2,1398.6
model_explorer_Vaish1591_Rice-Leaf-Disease-Analyzer_GitHub,2,1795.6
k_real_mobilenetv3_large_performance,2,873.3
model_explorer_yolov7_tiny_320_local_model,2,279.9
model_explorer_dong-haha_deeplearning_javaweb_GitHub_2,2,109.1
model_explorer_slayerkenneth_FYP_BoAR_PSAN2_38_GitHub_3,2,250.5
model_explorer_Ternaku-id_ternaku-bangkit-machine-learning_GitHub_1,2,2549.4
model_explorer_onnx_models_GitHub_14,2,314.6
model_explorer_squeezedet_kitti_local_model,2,121.8
model_explorer_MobileNetv1BodyPix_5698be0fc6d327cd25696ec305f63317_Coral,2,345.7
model_explorer_jasr88_object-detection_GitHub,2,170.3
model_explorer_WHENet_2f83111daad55806e6a32ef0c0879264_PINTO_5,2,361.1
model_explorer_unet_ultrasound_local_model,2,329.5
model_explorer_joncoons_Manufacturing-Vision-Accelerator-AMD64-v2_GitHub_4,2,170.3
model_explorer_RegNetY008_b0a05c341a700a3f3a2592d353726480_KerasApps,2,296.4
model_explorer_mp_palm_detection_full_local_model,2,235.7
model_explorer_owulveryck_khappygo_GitHub,2,411.5
model_explorer_jdunns_w251_hw6_GitHub,2,266.1
model_explorer_onnx_models_GitHub,2,314.6
model_explorer_PoseNetMobileNetV1_3d03366578b0ae2fb0a122b2146273c0_Coral,2,344.8
model_explorer_EfficientNetV2B0_e61c107c0e66aa1038cc4a78f93f4ba3_KerasApps,2,438
model_explorer_AOD-Net_e04d02afa1538a23305586dc856ddea4_PINTO_41,2,29.9
model_explorer_Azure-Samples_IoTDemos_GitHub,2,170.3
model_explorer_balanarenmar_Project_Helping_Hands_GitHub_11,2,262.9
model_explorer_onnx_models_GitHub_97,2,250.5
model_explorer_nilshoffmann_biohackathon2022-fair-ml-biomodels_GitHub,2,250.8
model_explorer_MagicTouch_47ddfca4a4070bc0f7538be7fc9309ed_PINTO_3,2,62.3
model_explorer_yolox_nano_local_model,2,359
model_explorer_mobilenet_yolo_v4_syg_local_model,2,94.8
model_explorer_yolov5s_leaky_320_local_model,2,237.2
model_explorer_mp_palm_detection_lite_local_model,2,389.5
model_explorer_octoml_triton-modelanalyzer-experiments_GitHub_3,2,87.6
model_explorer_osnet_x1_0_f2670ac8a795cd26fda7552a98c3916a_Hailo,2,181.7
model_explorer_anti-spoof-mn3_c3839b272059af5c2736beddd7811eb4_PINTO_1,2,1796.7
model_explorer_EfficientNetV2B0_a3d46b5b236c07e20763005aed20c700_OpenVINO,2,662.7
model_explorer_MobileNetv1BodyPix_6117de7a8e5551b565f6e248aca6bc12_Coral,2,625.3
model_explorer_gernet_m_local_model,2,110.9
model_explorer_YOLOv5_Face_36483c4542b0ef195191ad8329579095_PINTO_6,2,480.2
model_explorer_yinguobing_head-pose-estimation_GitHub,2,735.1
model_explorer_unet_lane_local_model,2,185.3
model_explorer_efficientnet_lite3_classification_3da0429747656b36cbce6b0ee2f51251_TFHub,2,427.8
model_explorer_yeahaluu_Public_Sinsunai_GitHub_1,2,69.6
model_explorer_onnx_models_GitHub_62,2,314.6
model_explorer_yolov5xs_wo_spp_nms_core_9d0e38032c9383042d99a3ec5f55f5c7_Hailo,2,171.5
model_explorer_yolov8m-cls_local_model,2,239.7
model_explorer_RegNetY006_1b81d8e4c8b2965a3f6cc22e188c85b9_KerasApps,2,188.3
model_explorer_mp_object_detection_3d_sneakers_1stage_local_model,2,150.8
model_explorer_naruto_handsign_detection_922515cecfa85eae99fc2b348f04d906_PINTO_4,2,295.1
model_explorer_espcn_local_model,2,66.9
model_explorer_MobileNetv1BodyPix_d42e48e55a527b4979eb996c7bfbb427_Coral,2,240.7
model_explorer_owulveryck_khappygo_GitHub_1,2,145.3
model_explorer_hayden-donnelly_ntg-unity_GitHub_3,2,56
model_explorer_efficientnet_lite4_classification_5360297cefc31c93e9e7afa490425488_TFHub,2,154.1
model_explorer_AIBenchmarkMobile_9c04ddfcdd62b9474d5f4b76eed363bf_AIBenchmark_24,2,224.2
model_explorer_yolox_tiny_ti_lite_local_model,2,172.9
model_explorer_SSDLiteMobileDet_7c6516d9991656262211aa6a99aeeb63_Coral,2,521.3
model_explorer_JulianFeinauer_test123_GitHub,2,69.9
model_explorer_NanoDetPluswithShuffleNetV21.5x.size=416_52ee42792e04e941adcb82ef893d7082_OpenVINO,2,130.9
model_explorer_hayden-donnelly_ntg-unity_GitHub_5,2,56
model_explorer_person-detection-0202_8cb56f61510a31aeb7a480507c37af72_PINTO_11,2,354.4
model_explorer_gpunet0_local_model,2,177.9
model_explorer_person-vehicle-bike-detection-crossroad-0078_fdbe0420db93fe684dbf99bd4657e904_PINTO,2,52.6
model_explorer_DLA34_62a93fa88317c8a6fdbf29796cd60c29_OpenVINO,2,177.3
model_explorer_tiny_yolov2_local_model,2,250.5
model_explorer_nvidia_super_res_local_model,2,38.1
model_explorer_yolov6n_0.2.1_24df965c49f689e0e995a3de172fea67_Hailo,2,231.6
model_explorer_uwsbel_autonomy-research-testbed_GitHub,2,74.6
model_explorer_sayedmohamedscu_YOLO-v5-Door-detection-for-visually-impaired-people_GitHub,2,91.1
model_explorer_Mobilenet-yolo-v4-syg_538a480717c36126e57d259c25772d85_OpenVINO,2,94.8
model_explorer_yolox_tiny_34697d4032cefac72fc123fd4f949327_Hailo,2,126.5
model_explorer_nanodet_repvgg_ec3af6f8c42734f27e161468b4e32caf_Hailo,2,191
model_explorer_teplandr_Visioneer_GitHub_2,2,126.5
model_explorer_unet_mobilenet_v2_256_local_model,2,41.4
model_explorer_mp_object_detection_3d_chair_1stage_local_model,2,150.8
model_explorer_yolox_tiny_local_model,2,126.5
model_explorer_MagicTouch_47ddfca4a4070bc0f7538be7fc9309ed_PINTO_1,2,62.3
model_explorer_octoml_triton-modelanalyzer-experiments_GitHub_1,2,93.3
model_explorer_opencv_opencv_zoo_GitHub_17,2,37.8
model_explorer_SCL-LLE_f7aeed7e07f078e4efa345c7c6b3f790_PINTO_10,2,108.4
model_explorer_U-NetMobileNetv2_80415d536866fa43c7496fea2a43cfd3_Coral,2,41.4
model_explorer_dong-haha_deeplearning_javaweb_GitHub_1,2,91.1
model_explorer_zznlzz_dxy_GitHub,2,124.7
model_explorer_AIBenchmarkMobile_9c04ddfcdd62b9474d5f4b76eed363bf_AIBenchmark_44,2,335.8
model_explorer_AnishPawar_DSC-Eye-of-God_GitHub,2,30.7
model_explorer_unetplusplus_local_model,2,125.8
model_explorer_yolov8n_fde050d28c8b0e5265c982d24516d82a_Hailo,2,126.3
model_explorer_fralik_ObjectDetection-MLNet_GitHub,2,250.4
model_explorer_DenseNet121_6e8dbf535919f3665894e1643018fd62_KerasApps,2,123.9
model_explorer_NVIDIA-ISAAC-ROS_isaac_ros_proximity_segmentation_GitHub,2,32.6
model_explorer_hayden-donnelly_ntg-unity_GitHub_6,2,14.5
model_explorer_EfficientNet-EdgeTpu(L)_e9ddde77d8af5568ab029d573b8189a2_Coral,2,124.6
model_explorer_scrfd_2.5g_85e187d907d436a6d20485740cc69ebb_Hailo,2,219.7
model_explorer_MobileNetv1BodyPix_3ab328d0d776f5f2ad986cfd606e19fe_Coral,2,136.2
model_explorer_hayden-donnelly_ntg-unity_GitHub_4,2,14.5
model_explorer_onnx_models_GitHub_123,2,250.8
model_explorer_yolov5xs_wo_spp_6528487dbd275787a9c4ffc9d024ca28_Hailo,2,171.5
model_explorer_yolov6n_52c522be794879750c5196c36d7e353f_Hailo,2,193.6
model_explorer_georg-jung_FaceAiSharp.Models_GitHub_2,2,219.7
model_explorer_scott-lam_Garbage-Sorting-DNN-With-WLKATA-Mirobot_GitHub_1,2,124.7
model_explorer_hayden-donnelly_ntg-unity_GitHub_8,2,14.5
model_explorer_Aktyn_Protaktyn_GitHub,2,30.7
model_explorer_JosephCatrambone_pixelbox_GitHub,2,25.9
model_explorer_EdgeTPU-DeepLab-slim_6244a7653f1ca8d9e26af59c06e4565c_Coral,2,138.3
model_explorer_facial_cartoonizer_local_model,2,47.5
model_explorer_ankurdave_bird-models_GitHub_5,2,124.3
model_explorer_yolov8n_local_model,2,151.8
model_explorer_dce_local_model,2,96.3
model_explorer_PoseNetMobileNetV1_01948f4c147dc296873c78124e70ac52_Coral,2,115.8
model_explorer_axinc-ai_onnx-quantization_GitHub_6,2,149.3
model_explorer_EfficientNetV2B2_edfae983179c823c6355c473a31205d5_KerasApps,2,164.7
model_explorer_PyDNet2_c8cbf05e7acd68547118c30ab634a3af_PINTO_27,2,71.8
model_explorer_YOLOXTiny_d6da6e0f3471db4c021da55e9223e487_OpenVINO,2,126.5
model_explorer_yolov7_tiny_3e111ae3003696ae7063f21b9494896f_Hailo,2,102.1
model_explorer_yolox_s_ti_lite_local_model,2,64.2
model_explorer_scott-lam_Garbage-Sorting-DNN-With-WLKATA-Mirobot_GitHub,2,105.8
model_explorer_yolov5s_leaky_local_model,2,95.9
model_explorer_aurelien-m_depth_GitHub,2,62.8
model_explorer_yolov5s_seg_5ef60a42d4f9860fe7f6c35f15c46ad6_Hailo,2,65.2
model_explorer_quarrying_quarrying-insect-id_GitHub,2,72.3
model_explorer_human-pose-estimation-3d-0001_f493762d4a7455b8364d2c381399f3f8_OpenVINO,2,143.7
model_explorer_yolop320_local_model,2,79.2
model_explorer_slayerkenneth_FYP_BoAR_PSAN2_38_GitHub_1,2,91.1
model_explorer_TBEFN_3c187f503d0e13ab838280a4f0679168_PINTO_8,2,79.6
model_explorer_yolov7_tiny_640_local_model,2,107.8
model_explorer_MobileNetv1BodyPix_fbd07d714e17fed28f1d6dc38b74ea95_Coral,2,116
model_explorer_r0bb23_rcv_me_not_me_GitHub,2,47.8
model_explorer_Zero-DCE-TF_db23a34552efae2ef9b7c5b9636fd5dc_PINTO_8,2,82.2
model_explorer_SCL-LLE_f7aeed7e07f078e4efa345c7c6b3f790_PINTO_46,2,82.2
model_explorer_Taiki92777_streamlit_demo2_GitHub,2,92.8
model_explorer_kayou11_Projet-Datascience_GitHub,2,54.7
model_explorer_Ashlo_Covid19-xray-Flask-app_GitHub,2,53.3
model_explorer_EfficientNet-EdgeTpu(L)*_9a6b2c33330c883950e5ef5afd421566_Coral,2,127
model_explorer_yolov5s_189f9282a7b765c60fa9142c10266988_Hailo,2,91.1
model_explorer_openvinotoolkit_openvino_GitHub_26,2,120.5
model_explorer_ssdmobilenet_v1_800_local_model,2,135.2
model_explorer_unet_mobilenet_v2_578b17af49d3deb3e3c1d43049533aa6_Hailo,2,23.3
model_explorer_MonadWizard_PNEUMONIA-prediction-using-keras-VGG16_GitHub,2,53.3
model_explorer_ankurdave_bird-models_GitHub_4,2,93.3
model_explorer_raytheonbbn_tak-ml_GitHub_3,2,53.1
model_explorer_sayannath_SANUS-WEB_GitHub,2,53.3
model_explorer_acmmmsys_2018-Mimir_GitHub,2,56.6
model_explorer_wep21_mmdeploy_model_zoo_GitHub,2,62.7
model_explorer_IP1102_Face-Mask-Detection_GitHub,2,51.2
model_explorer_Fast-SRGAN_3fa02ec11ad9cbb8149b97b4745a868f_PINTO_2,2,47.3
model_explorer_jumpnet_local_model,2,64.8
model_explorer_Surat-96_A-E2E-Covid19-Prediction_GitHub,2,56.6
model_explorer_AOD-Net_e04d02afa1538a23305586dc856ddea4_PINTO_3,2,10
model_explorer_TBEFN_3c187f503d0e13ab838280a4f0679168_PINTO_40,2,62.1
model_explorer_yolov8n_seg_878dff037d1faf27fe0e5a7a59f9e36f_Hailo,2,103.9
model_explorer_opencv_opencv_zoo_GitHub_2,2,52.9
model_explorer_yolov5n6_6.1_e835245de516fd91d5b7541d8ea88aa2_Hailo,2,41.1
model_explorer_AIBenchmarkMobile_9c04ddfcdd62b9474d5f4b76eed363bf_AIBenchmark_40,2,24.1
model_explorer_bisenet_local_model,2,79.3
model_explorer_yolox_s_leaky_78743adf7aeabf23e45c3f66c336bc68_Hailo,2,50.9
model_explorer_yolov8s_local_model,2,22
model_explorer_yolox_s_local_model,2,58
model_explorer_YOLO-6D-Pose_c19df40c4dfdfaba5bd100f3649199d1_PINTO_4,2,37.2
model_explorer_scrfd_10g_c5d8080387e24521eb4ca8ec266987b0_Hailo,2,79.1
model_explorer_M-LSD_068202de165844f96307a44e9e1910f8_PINTO_1,2,21.8
model_explorer_raytheonbbn_tak-ml_GitHub,2,36.2
model_explorer_AIBenchmarkMobile_9c04ddfcdd62b9474d5f4b76eed363bf_AIBenchmark_41,2,24.1
model_explorer_centerpose_repvgg_a0_2cb59738f18009921a7931bfc3d3f26d_Hailo,2,64.4
model_explorer_beltoforion_the-tourist-filter_GitHub,2,20.8
model_explorer_yolov8s_467f5686cfa49bb9b780ea79cc7bd3ad_Hailo,2,51.7
model_explorer_yolov8s_seg_f613612eb66d7bf5de6cab15aa885386_Hailo,2,13.5
model_explorer_AIBenchmarkMobile_9c04ddfcdd62b9474d5f4b76eed363bf_AIBenchmark_43,2,38.4
model_explorer_AIBenchmarkMobile_9c04ddfcdd62b9474d5f4b76eed363bf_AIBenchmark_42,2,38.4
model_explorer_Zero-DCE-improved_e6ae9392ba368ab059e2aa9e207c8464_PINTO_3,2,43.7
model_explorer_peter81725_Food-Fighter_GitHub,2,65
model_explorer_PyDNet2_c8cbf05e7acd68547118c30ab634a3af_PINTO,2,31.6
model_explorer_text_detection_db_db1a72a425cef7f168473f1607c061b3_PINTO_9,2,20.4
model_explorer_text_detection_db_db1a72a425cef7f168473f1607c061b3_PINTO_7,2,20.4
model_explorer_Zero-DCE-improved_e6ae9392ba368ab059e2aa9e207c8464_PINTO_21,2,35.5
model_explorer_zero_dce_4c70bab607cb30d3f72ba948f1b93570_Hailo,2,26.4
model_explorer_linknet_resnet18_local_model,2,13.6
model_explorer_Zero-DCE-TF_db23a34552efae2ef9b7c5b9636fd5dc_PINTO_38,2,27.8
model_explorer_squeezedet_plus_kitti_local_model,2,38.3
model_explorer_autowarefoundation_modelzoo_GitHub,2,8.5
model_explorer_yolox_s_wide_leaky_c75142893fb3ab1b654f91a7bfe87e31_Hailo,2,10.1
model_explorer_nanodet_repvgg_a1_640_a161b2f78882f718915e80d683ba09b4_Hailo,2,58.1
model_explorer_yolop640_local_model,2,20.6
model_explorer_CenterNet(CTDETwithDLAV0)512x512_4d7de97c51fcdcd5c0b2738bc0e241b1_OpenVINO,2,15.8
model_explorer_SFA3D_da2fe07968833012feed1f44c6811fc1_PINTO_7,2,28.5
model_explorer_Graft-PSMNet_898d0e12e1def41cd880d4ca8e9f6cc7_PINTO_6,2,21.3
model_explorer_PMN_1b7efe05bf702c8dbc674de90b374981_PINTO_8,2,17.9
model_explorer_SFA3D_da2fe07968833012feed1f44c6811fc1_PINTO,2,28.5
model_explorer_deblur_gan_local_model,2,14.2
model_explorer_AIBenchmarkMobile_9c04ddfcdd62b9474d5f4b76eed363bf_AIBenchmark_14,2,21.4
model_explorer_AIBenchmarkMobile_9c04ddfcdd62b9474d5f4b76eed363bf_AIBenchmark_13,2,21.4
model_explorer_AIBenchmarkMobile_9c04ddfcdd62b9474d5f4b76eed363bf_AIBenchmark_5,2,32.2
model_explorer_fcn8_resnet_v1_18_af05ccf5e55e24919d5e376751a91fca_Hailo,2,26.4
model_explorer_AIBenchmarkMobile_9c04ddfcdd62b9474d5f4b76eed363bf_AIBenchmark_8,2,32.2
model_explorer_fcn16_resnet_v1_18_9638e9d06af80875b6acf3d514f9a1fa_Hailo,2,26.4
model_explorer_Tartisan_MMDet3d-CenterPoint_GitHub_1,2,10.3
model_explorer_NREL_Panel-Segmentation_GitHub_1,2,10.4
model_explorer_AIBenchmarkMobile_9c04ddfcdd62b9474d5f4b76eed363bf_AIBenchmark_36,2,5.7
model_explorer_AIBenchmarkMobile_9c04ddfcdd62b9474d5f4b76eed363bf_AIBenchmark_37,2,5.7
model_explorer_Fast-SRGAN_3fa02ec11ad9cbb8149b97b4745a868f_PINTO_22,2,2.8
model_explorer_mbllen_lowlight_with_noise_local_model,2,3.3
