Model,FPS,,
model_explorer_dendihandian_forest-fire-estimator_GitHub,2304.894,,
model_explorer_the-muses-ltd_Cassie_GitHub,2466.196,,
model_explorer_netsec917_Hikari-IDS_GitHub_2,2302.27,,
model_explorer_antmicro_alkali-csd-fw_GitHub,2373.794,,
model_explorer_hwajlee_TIL_GitHub_1,2297.627,,
model_explorer_hotg-ai_rune_GitHub_4,2308.05,,
model_explorer_open-closed-eye-0001_44d54e2715c26d676dab6bc0b756230c_OpenVINO,2307.43,,
model_explorer_hbuenostaubi_crimeapp_GitHub,2327.565,,
model_explorer_hwajlee_TIL_GitHub_2,2439.718,,
model_explorer_MAPLELEAF3659_snake-game-ml-agent_GitHub_2,2310.799,,
model_explorer_mzakharo_tubby_GitHub_1,2312.83,,
model_explorer_vehicle-lang_vehicle_GitHub_1,2411.168,,
model_explorer_hwajlee_TIL_GitHub_4,2301.932,,
model_explorer_RedisAI_redisai-examples_GitHub_7,2307.733,,
model_explorer_steverab_failing-loudly_GitHub_5,2304.583,,
model_explorer_sutongkui_SubPhysics_GitHub_1,2310.346,,
model_explorer_hwajlee_TIL_GitHub_6,2317.136,,
model_explorer_SKT27182_portfolio_GitHub,2326.707,,
model_explorer_jeremia49_Dicoding-Tensorflow-Certification-Preparation_GitHub,2315.571,,
model_explorer_SKT27182_portfolio_GitHub_3,2356.838,,
model_explorer_jeremia49_Dicoding-Tensorflow-Certification-Preparation_GitHub_1,2334.155,,
model_explorer_BLRSAI_VEXAI-Sim_GitHub,2320.603,,
model_explorer_netsec917_Hikari-IDS_GitHub_1,2325.515,,
model_explorer_openvinotoolkit_openvino_GitHub_4,2322.186,,
model_explorer_A-Y-Yang_CSP-572-Drug-Target-Identification-master_GitHub_1,2346.81,,
model_explorer_hotg-ai_rune_GitHub_3,2352.156,,
model_explorer_ARM-software_ML-zoo_GitHub,2301.831,,
model_explorer_Bhavya2201_Accudiagnosis_GitHub,2317.116,,
model_explorer_batu_ProjNar_GitHub_7,2308.398,,
model_explorer_AppleParfait_OSP-Archive_GitHub_3,2279.174,,
model_explorer_Crystalsound_FRN_GitHub,2299.451,,
model_explorer_openvinotoolkit_testdata_GitHub,2308.95,,
model_explorer_naotokui_CreativeGAN-Rhythm_GitHub,2309.545,,
model_explorer_naotokui_CreativeGAN-Rhythm_GitHub_2,2317.403,,
model_explorer_SKT27182_portfolio_GitHub_1,2300.54,,
model_explorer_SKT27182_portfolio_GitHub_7,2312.364,,
model_explorer_batu_ProjNar_GitHub_4,2417.505,,
model_explorer_netsec917_Hikari-IDS_GitHub_6,2337.399,,
model_explorer_naotokui_CreativeGAN-Rhythm_GitHub_1,2295.658,,
model_explorer_FabianGroeger96_cnn-number-detection_GitHub_1,2321.965,,
model_explorer_AppleParfait_OSP-Archive_GitHub_1,2321.402,,
model_explorer_AIBenchmarkMobile_9c04ddfcdd62b9474d5f4b76eed363bf_AIBenchmark_34,2359.893,,
model_explorer_devLeffe_toxic-message-compet_GitHub,2124.86,,
model_explorer_jmsulliv_Optical-Prediction-Neural-Network_GitHub_1,2313.992,,
model_explorer_VarunAkav_Comp_int_NN_GitHub,2316.857,,
model_explorer_deep_q_atari_breakout_local_model,2309.161,,
model_explorer_codemaker2015_TensorFlow-Lite-for-Unity-Samples_GitHub_1,2375.666,,
model_explorer_Edenzzzz_Edu-x_GitHub_1,2294.803,,
model_explorer_openvinotoolkit_openvino_GitHub,1986.479,,
model_explorer_MobileNetV1_cee7ba4026738ce1ec9f62947f385932_Coral,2289.86,,
model_explorer_jmsulliv_Optical-Prediction-Neural-Network_GitHub_3,2311.617,,
model_explorer_adnan4077_medical-image-class-detection_GitHub,2299.153,,
model_explorer_Aylin-19-Johns_CIFAR-10_classifier_GitHub,2321.785,,
model_explorer_nomadz-ethz_nomadz-code-release_GitHub_1,2236.208,,
model_explorer_mrdakj_letters_GitHub_1,2295.874,,
model_explorer_bernardesrodrigoc_Ethoflow_GitHub,1337.04,,
model_explorer_jofuelo_multimodal_emotion_detector_GitHub,388.3124,,
model_explorer_Kastori1206_catheroes_GitHub,2287.23,,
model_explorer_ArmenHagopian_AI_self-driving-car-simulation_GitHub,1749.916,,
model_explorer_jaspervillarosa_VILLAROSA_THESIS_GitHub,2360.183,,
model_explorer_imagenet_mobilenet_v1_050_128_classification_252bdd56250c14a22da8f07d43196836_TFHub,2392.832,,
model_explorer_openvinotoolkit_openvino_GitHub_8,2354.189,,
model_explorer_openvinotoolkit_openvino_GitHub_19,961.1881,,
model_explorer_mobilenet_v1_0.25_224_quantized_0bed04f636ebc9197477cb0489beda89_TFHub,1077.735,,
model_explorer_hwajlee_TIL_GitHub,2319.191,,
model_explorer_SatyamVyas00_Cloudburst-Prediction-using-GAF-and-CNN_GitHub,589.8566,,
model_explorer_Kotetsu0000_JavaOthello_GitHub_2,2409.716,,
model_explorer_mobilenet_v1_0.25_224_8e4c2c9e504fd9581465bbb1a5f63efa_TFHub,1111.083,,
model_explorer_MobileNetV1_e1ade2f1808bc10ef1c60e937ffe93c5_Coral,2100.101,,
model_explorer_SuavePirate_FaceONNX.Models_GitHub_3,519.1947,,
model_explorer_JuanCruzC97_ml-stuff_GitHub,551.4014,,
model_explorer_xMinh129_yimotion_training_GitHub,2408.114,,
model_explorer_na-o-ys_shogi-camera_GitHub_1,2350.469,,
model_explorer_rachidelfe_CNN-MGP-SCRIPT_GitHub,260.6343,,
model_explorer_mobilenet_v1_0.50_160_e65762dbcaac3732498d40868d2d9ec2_TFHub,2060.216,,
model_explorer_mp_hand_recrop_local_model,898.4519,,
model_explorer_mobilenet_v1_0.75_128_quantized_17c97b25c57729ea27176872c3b55da3_TFHub,2303.29,,
model_explorer_na-o-ys_shogi-camera_GitHub,2278.696,,
model_explorer_SKT27182_portfolio_GitHub_10,2321.291,,
model_explorer_mobilenet_v1_0.50_192_1d03baefe6b958a640be280747f99c53_TFHub,1543.174,,
model_explorer_openvinotoolkit_openvino_GitHub_14,1049.503,,
model_explorer_VikrantShah_AI-DocHelper_GitHub_1,836.2033,,
model_explorer_mobilenet_v1_0.50_224_quantized_3ead468050447581df495877ba44cee3_TFHub,1084.656,,
model_explorer_torinmb_mediapipe-touchdesigner_GitHub_4,2341.698,,
model_explorer_umarkhan2000_HackTheNorth_GitHub,2146.988,,
model_explorer_espcn_x4_c92622cdedd9a20119a85a90d9b0984c_Hailo,677.4211,,
model_explorer_jaspervillarosa_VILLAROSA_THESIS_GitHub_1,2337.058,,
model_explorer_joshi-swetam_Flower-Recognition-AI-ML-Model_GitHub_1,955.5216,,
model_explorer_TiVo_dts-studio_GitHub_12,2307.981,,
model_explorer_janantala_senior-detection_GitHub,2062.849,,
model_explorer_arthurvalls_plant-sickness-detection_GitHub,1444.982,,
model_explorer_RevTpark_pokeDex-app_GitHub_1,1696.662,,
model_explorer_SuavePirate_FaceONNX.Models_GitHub_5,2373.815,,
model_explorer_Kotetsu0000_JavaOthello_GitHub_1,2316.578,,
model_explorer_hwajlee_TIL_GitHub_3,2316.591,,
model_explorer_mobilenet_v1_1.0_128_quantized_26340ba87df7d805f0c46929918d6588_TFHub,502.6553,,
model_explorer_greenelab_core-accessory-interactome_GitHub,2356.7,,
model_explorer_ultraface_320_local_model,754.4429,,
model_explorer_onnx_models_GitHub_124,1111.814,,
model_explorer_mobilenet_v1_0.50_224_ed590e5399cd02e04aa74a191f4ccab2_TFHub,1065.656,,
model_explorer_onnx_models_GitHub_12,1068.73,,
model_explorer_MobileNetV1_62477226e198368be957058d89d81b7f_Coral,1556.35,,
model_explorer_imagenet_mobilenet_v3_small_100_224_classification_962b115180de6f0edbd74871053f89f5_TFHub,326.1784,,
model_explorer_Dense-Head-Pose-Estimation_da347b73a0c6aac2a6aa3236741597e9_PINTO_5,2268.818,,
model_explorer_nomadz-ethz_nomadz-code-release_GitHub,2451.075,,
model_explorer_greenelab_generic-expression-patterns_GitHub_1,2294.916,,
model_explorer_mobilenet_v1_0.75_160_quantized_b47553037d67375f1b167a5bbc05c08f_TFHub,2015.239,,
model_explorer_UltraLightweightFaceDetectionslim320_5fa4898fe882dc1d1fa3e0202f18d1aa_OpenVINO,757.4432,,
model_explorer_imagenet_mobilenet_v3_large_075_224_classification_2c0eba0feb6aaec029195a28ed4d8f50_TFHub,326.0482,,
model_explorer_utopiaZhang_devops_for_datascience_GitHub_1,2222.317,,
model_explorer_ArmanNavodia_PlantDiseaseDetectionModel_GitHub,229.7237,,
model_explorer_mobilenet_v1_1.0_128_46110b795dab29e40521142c283e95ec_TFHub,2276.136,,
model_explorer_Preeti-sahani_smoke-fire-detector_GitHub,931.6825,,
model_explorer_rehat-app_Deploy-ML_GitHub,726.2585,,
model_explorer_espcn_x3_db0bbbfcb4191e0fd31750e86ffd5c79_Hailo,406.8249,,
model_explorer_opencv_opencv_zoo_GitHub_14,1082.488,,
model_explorer_mobilenet_v1_0.50_128_4e0afb47123ebb97af6940f48f138e48_TFHub,2311.268,,
model_explorer_YuNet_62443df09472306e47a98f70b9922e9e_PINTO,2467.093,,
model_explorer_mnasnet_1.0_128_d9d0f6ab19d6ee2aa6936237bde17502_TFHub,2280.872,,
model_explorer_chess_alphazero_community_local_model,2166.043,,
model_explorer_mobilenet_v1_0.75_192_8ef21fc592e1d5359817f3407298dcab_TFHub,1554.709,,
model_explorer_emza-vs_ModelZoo_GitHub,2244.941,,
model_explorer_URetinex-Net_4ac8242609816866ddfacc736328807a_PINTO_42,8.049088,,
model_explorer_wilsonloo_faceEmotionCppLinux_GitHub_2,1542.545,,
model_explorer_mp_hand_landmark_lite_local_model,1070.344,,
model_explorer_wilsonloo_faceEmotionAndroid_GitHub_1,1552.743,,
model_explorer_keonroohparvar_AI_ChessEngine_GitHub,2382.372,,
model_explorer_expression_vgg13_local_model,426.0365,,
model_explorer_csTTRX_coulb-arif_GitHub,1090.249,,
model_explorer_imagenet_mobilenet_v1_050_224_classification_003f32bbe2c68e075c0157b396be993d_TFHub,1079.152,,
model_explorer_thoughtworksarts_EmoPy_GitHub,583.5474,,
model_explorer_onnx_models_GitHub_67,2427.973,,
model_explorer_K-Team-Coders_AfterburnerSQL_GitHub,2308.403,,
model_explorer_openvinotoolkit_openvino_GitHub_9,1114.198,,
model_explorer_MoveNet.SinglePose.Lightning_b2b9000f4a4bb5fb73a68546a3b9b3d6_Coral,516.0284,,
model_explorer_rajghadi1_MDP_GitHub,403.4306,,
model_explorer_saicharankr_Realtime-Facial-Expression-Recognition_GitHub,240.3331,,
model_explorer_openvinotoolkit_openvino_GitHub_17,1069.935,,
model_explorer_arcface_mobilefacenet_885ebf841fbfa97fd3ac991212337c2d_Hailo,476.8013,,
model_explorer_yuradanyliuk_AutomaticParking_GitHub,2586.331,,
model_explorer_wilsonloo_faceEmotionCppLinux_GitHub,1554.561,,
model_explorer_SKT27182_portfolio_GitHub_9,2311.884,,
model_explorer_mobilenet_v1_0.25_192_quantized_e90b0c4ed2199993b5be63199cf4e3d4_TFHub,1555.262,,
model_explorer_kuff_medslr_GitHub_1,2312.134,,
model_explorer_mobilenet_v1_1.0_192_quantized_3e6b2801733a2c9d44896a61633237df_TFHub,834.901,,
model_explorer_mp_face_landmark_local_model,1552.086,,
model_explorer_AdwitM_Sign-Language-Recognition_GitHub,299.7398,,
model_explorer_batu_ProjNar_GitHub_12,2315.356,,
model_explorer_raytheonbbn_tak-ml_GitHub_2,1065.108,,
model_explorer_asus4_tf-lite-unity-sample_GitHub_8,515.6815,,
model_explorer_MobileStyleGAN_97ee8f4ce997135b6de496d9589b2564_PINTO_2,2431.644,,
model_explorer_mobilenet_v1_0.25_128_quantized_59d519440f9053ba58cb93b7b7fcdd55_TFHub,2319.253,,
model_explorer_ersilia-os_image-based-dl_GitHub_1,808.0841,,
model_explorer_squeezenet_bypass_local_model,830.7026,,
model_explorer_ShubhmKaale_CNN-Image-Classification-Heroku-Cloud-Deployment_GitHub,922.9395,,
model_explorer_YAMNet_4a5f991ff1ae5529ac2a9166ac5dc226_PINTO_13,2476.877,,
model_explorer_mobilenet_v1_1.0_192_e1649f4cbdd3dc63f83a3630b782d4e6_TFHub,1548.995,,
model_explorer_mp_face_detection_full_range_sparse_local_model,748.2597,,
model_explorer_aiy_vision_classifier_birds_V1_93541cd953e436eb19ee23b6122f16f6_TFHub,1066.616,,
model_explorer_fast_depth_7cb9fc9994feba47c2b2b47aacdd73b8_Hailo,326.6663,,
model_explorer_inferenceengine_shadernn_GitHub_7,1086.046,,
model_explorer_ACR-Loss_4e93bc740122b8c4fa1a02160a42912b_PINTO,1078.89,,
model_explorer_ThomAub_redisai-rs_GitHub_1,2295.316,,
model_explorer_opencv_opencv_zoo_GitHub_36,1115.619,,
model_explorer_mp_hand_landmark_full_local_model,1098.149,,
model_explorer_batu_ProjNar_GitHub_5,2451.181,,
model_explorer_aiy_vision_classifier_plants_V1_9b84407188105ac5c24cd2e6db3b2cbc_TFHub,1093.908,,
model_explorer_TiVo_dts-studio_GitHub_10,1107.43,,
model_explorer_AnishPawar_DSC-Eye-of-God_GitHub_4,164.5924,,
model_explorer_onnx_models_GitHub_142,417.5229,,
model_explorer_MobileNetV2_5e4e1a101e8f7a5cd6956ae8f378d5c8_Coral,1095.429,,
model_explorer_openvinotoolkit_openvino_GitHub_27,2303.641,,
model_explorer_FRILL_d830529e1248d3d75f95c02da4cfebf8_PINTO_5,2271.58,,
model_explorer_raytheonbbn_tak-ml_GitHub_4,164.563,,
model_explorer_steverab_failing-loudly_GitHub_1,2467.943,,
model_explorer_netsec917_Hikari-IDS_GitHub_3,2310.087,,
model_explorer_kuff_medslr_GitHub,2312.994,,
model_explorer_ShufflenetV2x1.0_c665fabb58ff94de6df98d89c25e5ae9_OpenVINO,1084.105,,
model_explorer_AIBenchmarkMobile_9c04ddfcdd62b9474d5f4b76eed363bf_AIBenchmark_21,1106.308,,
model_explorer_imagenet_mobilenet_v1_025_224_classification_fd665875f3ab208a0ca57cc14fbedab8_TFHub,1074.58,,
model_explorer_TiVo_dts-studio_GitHub_11,407.9988,,
model_explorer_MAPLELEAF3659_snake-game-ml-agent_GitHub,2313.948,,
model_explorer_facial_expression_recognition_mobilefacenet_e12622b988d7e35a68309814a17ef21b_PINTO_4,2300.51,,
model_explorer_vehicle-attributes-recognition-barrier-0042_8a6998b14372a9a9b3f62d0caf3bca34_PINTO_5,964.5586,,
model_explorer_maxlegrec1_DetectionFdF_GitHub,133.0559,,
model_explorer_driver-action-recognition-adas-0002-encoder_fc316ce76647ed4da2457956cb09b4b1_PINTO_2,1090.704,,
model_explorer_temmyzeus_No-Toxic_GitHub,806.9774,,
model_explorer_pmcbride_REDNet-TensorFlow_GitHub,2317.397,,
model_explorer_mnasnet_1.0_224_9ef5c95f737ba707019d2d533e4e400a_TFHub,1069.853,,
model_explorer_arbitrary_image_stylization_4ec16d9ab58918bed5e2a300c25dca76_PINTO,894.2351,,
model_explorer_gordinmitya_dnn_benchmark_GitHub_1,1103.955,,
model_explorer_onnx_models_GitHub_72,1104.27,,
model_explorer_octoml_octoml-examples_GitHub_3,1093.548,,
model_explorer_mobilenet_v1_1.0_224_3f45a1889f6d8dafde1351ea198c8548_TFHub,1118.158,,
model_explorer_AnishPawar_DSC-Eye-of-God_GitHub_1,1070.157,,
model_explorer_quarrying_quarrying-plant-id_GitHub,1068.335,,
model_explorer_espcn_x2_57a3f9e845f7f295cab834ea295a5532_Hailo,170.6857,,
model_explorer_batu_ProjNar_GitHub,2329.315,,
model_explorer_asus4_tf-lite-unity-sample_GitHub_2,897.372,,
model_explorer_ML-Chen_vaporwave-gan_GitHub,1660.266,,
model_explorer_dong-haha_deeplearning_javaweb_GitHub,1109.923,,
model_explorer_face-detection-0100_18be1390c6f70f90ff9e4bae53f2b72a_PINTO_11,898.1641,,
model_explorer_kklosowski_CIFAR10-with-Keras_GitHub,2416.873,,
model_explorer_zetane_viewer_GitHub_17,425.7954,,
model_explorer_onnx_models_GitHub_73,425.8015,,
model_explorer_mobilenet_v1_0.25_192_7e1ea4e3ac7ec5b71609e19dc9bb6771_TFHub,1549.783,,
model_explorer_kkweon_mnist-competition_GitHub,686.319,,
model_explorer_object_detection_mobile_object_labeler_v1_29a1baa771f787ef32d0ff31cc78d1c5_TFHub,1068.438,,
model_explorer_onnx_models_GitHub_58,1069.419,,
model_explorer_BadagalaAdarsh_ASL_GitHub,548.858,,
model_explorer_commaai_openpilot_GitHub_1,1289.411,,
model_explorer_LiteTrack_b19f7faeca97c37f3a569028f1f6ddc7_PINTO_2,1560.335,,
model_explorer_MobileNetV2_a66cec24b74b28c92f8bd2c75174cb40_Coral,1063.05,,
model_explorer_onnx_models_GitHub_45,1061.984,,
model_explorer_onnx_models_GitHub_128,425.7744,,
model_explorer_ZICCORP_deep-learning-projects_GitHub,2314.275,,
model_explorer_YAMNet_4a5f991ff1ae5529ac2a9166ac5dc226_PINTO_4,2528.191,,
model_explorer_MobileNetV1_7864375789ac5d0bde53382ab1e34807_Coral,1063.074,,
model_explorer_fabianhasse_openpilot_GitHub,1305.263,,
model_explorer_openvinotoolkit_openvino_GitHub_25,1116.223,,
model_explorer_myacobb_projectAvalanche_GitHub_1,1298.845,,
model_explorer_yolov8s-cls_local_model,822.1179,,
model_explorer_MobileNetV21.0224_9265790c6211edb0136c88cfa87a5dd2_OpenVINO,1089.441,,
model_explorer_batu_ProjNar_GitHub_6,2309.72,,
model_explorer_mnasnet_1.0_96_b904282a9ac82d08187e1ddd4ba3ada7_TFHub,2278.49,,
model_explorer_onnx_models_GitHub_11,1086.406,,
model_explorer_darrenyao87_tnn-models_GitHub_1,759.5804,,
model_explorer_utopiaZhang_devops_for_datascience_GitHub_2,2157.721,,
model_explorer_squeezenet_complex_local_model,646.3025,,
model_explorer_rajasoun_nlp_GitHub,2307.382,,
model_explorer_HHP-Net_821b130f29bfe641c1f1d4434a3674b4_PINTO,2611.162,,
model_explorer_quarrying_quarrying-celebrity-id_GitHub_1,2318.161,,
model_explorer_batu_ProjNar_GitHub_16,2297.962,,
model_explorer_ultraface_640_local_model,193.27,,
model_explorer_batu_ProjNar_GitHub_9,2295.517,,
model_explorer_BlazeFace_441468b8afe47ed33b41d17979de449d_PINTO,2296.203,,
model_explorer_vehicle-attributes-recognition-barrier-0039_24bce763e81d631cbef3a103f77d9c7f_PINTO_5,2446.446,,
model_explorer_netsec917_Hikari-IDS_GitHub_4,2328.795,,
model_explorer_gernet_s_local_model,1097.546,,
model_explorer_asus4_tf-lite-unity-sample_GitHub_7,557.5389,,
model_explorer_MobileNetV1_e1b7babf69061a94ac0670870a1e1e76_Coral,1068.145,,
model_explorer_torinmb_mediapipe-touchdesigner_GitHub_3,227.3946,,
model_explorer_UltraLightweightFaceDetectionRFB320_960a5214e4dac129651b234f3bf0584b_OpenVINO,755.3959,,
model_explorer_piyx_ImageProcessingApplications_GitHub,2298.773,,
model_explorer_opencv_opencv_zoo_GitHub_12,146.7735,,
model_explorer_ersilia-os_eos3ae7_GitHub,2319.766,,
model_explorer_efficientnet_lite0_classification_d5ba646fbc2619764c0261e69b13a86a_TFHub,1119.202,,
model_explorer_Selfie_Segmentation_eace39a3611846452997cd3d22a4a865_PINTO_1,227.2829,,
model_explorer_Selfie_Segmentation_eace39a3611846452997cd3d22a4a865_PINTO_2,227.6225,,
model_explorer_yuradanyliuk_AutomaticParking_GitHub_3,2580.431,,
model_explorer_mnasnet_1.0_160_f874e904c45b00b820ecb95ba4c8a962_TFHub,1991.359,,
model_explorer_mshayganfar_chista_GitHub_1,2343.53,,
model_explorer_mp_selfie_segmentation_local_model,227.3061,,
model_explorer_cropnet_classifier_cassava_disease_V1_7e693311a1ce243b5315a36dc65a460e_TFHub,1059.79,,
model_explorer_mp_face_detection_full_range_local_model,666.5012,,
model_explorer_asus4_tf-lite-unity-sample_GitHub_5,876.197,,
model_explorer_HBONet0.25_7117475a66cad230a8fb88792121e0d1_OpenVINO,1108.996,,
model_explorer_yolov3-lite_54861eb28f72c109b69d2110ba8cde5c_PINTO_5,525.8019,,
model_explorer_CNelis_myArtApp_GitHub,1391.896,,
model_explorer_SKT27182_portfolio_GitHub_8,2437.325,,
model_explorer_mobilenet_v1_0.25_160_quantized_7258db3c7f6c68d033c3e5849c5b0b22_TFHub,2035.291,,
model_explorer_openvinotoolkit_openvino_GitHub_22,621.9581,,
model_explorer_cstub_ml-ids_GitHub_1,2322.659,,
model_explorer_theDataFox_capstone_GitHub,157.8131,,
model_explorer_openvinotoolkit_openvino_GitHub_5,1373.491,,
model_explorer_onnx_models_GitHub_165,1074.496,,
model_explorer_BLRSAI_VEXAI-Sim_GitHub_1,2316.486,,
model_explorer_rainbowbismuth_bird-vision_GitHub_1,2437.662,,
model_explorer_usubioinfo_malivhustandalone_GitHub,1742.973,,
model_explorer_YuNetV2_7211ef47fdd0f316eea7a167c2838751_PINTO_3,146.9631,,
model_explorer_lightface_slim_a32fbd29f2df85560c144138bb7221ff_Hailo,759.879,,
model_explorer_imagenet_mobilenet_v3_large_075_224_feature_vector_19188b8fc6bfbf1475a81462672bdbeb_TFHub,326.1795,,
model_explorer_Estacao-pilhas-pi2_battery-analyser_GitHub,814.2047,,
model_explorer_NVIDIA-ISAAC-ROS_isaac_ros_dnn_stereo_disparity_GitHub,5.947719,,
model_explorer_MobileNetV2_b41676ee67842101d342dd88961ddea4_Coral,1068.563,,
model_explorer_NathaAix_detection_GitHub,213.1501,,
model_explorer_yuradanyliuk_AutomaticParking_GitHub_2,2591.569,,
model_explorer_imagenet_mobilenet_v2_035_96_classification_609b09cce2876554dad240ce7b28cef1_TFHub,2298.861,,
model_explorer_mnasnet_1.3_224_d4c5d0f37ae34012f0d2e961e8249639_TFHub,1072.757,,
model_explorer_mobilenet_v1_0.50_160_quantized_b64d8c4c26a5574eb6bc7054416e38ff_TFHub,2041.97,,
model_explorer_navn-r_yuHacks21_GitHub,2295.168,,
model_explorer_batu_ProjNar_GitHub_1,2307.799,,
model_explorer_adit-g_willow_GitHub,2314.51,,
model_explorer_mp_face_detection_short_range_local_model,2359.808,,
model_explorer_yolov1_tiny_local_model,263.8894,,
model_explorer_SynergyNet_bd634b56ca115616db0e1cc2a0459f5d_PINTO_1,2368.416,,
model_explorer_mobilenetv2-ssdlite_4254f13f8c85cb87bacaeae0d0bab7eb_PINTO_2,567.8241,,
model_explorer_MiesnerJacob_computer-vision-streamlit_GitHub,2468.062,,
model_explorer_alejoortizd_test_GitHub,2335.541,,
model_explorer_imagenet_mobilenet_v3_small_075_224_feature_vector_87fd5db86edd3e410b475581fe33c557_TFHub,326.2278,,
model_explorer_MobileOne_d3705525e4cfc3ebe256dda46b488605_PINTO_1,1063.576,,
model_explorer_face_attr_resnet_v1_18_a3c4d9cfdcd350ef27b5ad17044a97ec_Hailo,341.6665,,
model_explorer_HHP-Net_821b130f29bfe641c1f1d4434a3674b4_PINTO_28,2547.935,,
model_explorer_torinmb_mediapipe-touchdesigner_GitHub_7,407.6947,,
model_explorer_PP-LCNetV2_74a1019134f7a3775833d121b9486efd_PINTO_4,1090.947,,
model_explorer_raytheonbbn_tak-ml_GitHub_1,1073.658,,
model_explorer_imagenet_mobilenet_v1_025_192_classification_b8e402df2a973fbe9dd23cf71a42756e_TFHub,1549.649,,
model_explorer_AntiSpoofNet_07795bfa63d564c86bc5b21bc5ec91bb_OpenVINO,2285.348,,
model_explorer_RegNetX002_94e18f2b57390d662f4b89588a40ec3c_KerasApps,1039.224,,
model_explorer_yolov3-lite_54861eb28f72c109b69d2110ba8cde5c_PINTO_4,526.3582,,
model_explorer_opencv_opencv_zoo_GitHub_5,297.4847,,
model_explorer_mrdakj_letters_GitHub,2291.07,,
model_explorer_efficientnet_lite1_classification_aa4301730a28e9fcd33556a0640f4ce1_TFHub,946.402,,
model_explorer_onnx_models_GitHub_119,1072.28,,
model_explorer_steverab_failing-loudly_GitHub_2,2353.421,,
model_explorer_MobileNetV11.0224_a29aa60fa7b17e5dde663a7afa14a63b_OpenVINO_1,1074.376,,
model_explorer_TheJacksonLaboratory_CUP-AI-Dx_GitHub,872.3362,,
model_explorer_Speech-enhancement_b160abe9c8b1b7a73b132577c018bd94_PINTO_6,780.3725,,
model_explorer_openvinotoolkit_openvino_GitHub_11,488.503,,
model_explorer_logicthinkedu_CVJD_Demo_GitHub,77.60148,,
model_explorer_axinc-ai_onnx-quantization_GitHub_3,1105.04,,
model_explorer_hardnet39ds_faff4e149a7586471f3ea8f297fed03f_Hailo,559.6708,,
model_explorer_mrakesh0608_Sahaay_GitHub,570.0146,,
model_explorer_Anshal55_Real-time-age-gender-and-emotion_GitHub,2429.909,,
model_explorer_mp_selfie_segmentation_landscape_local_model,407.9349,,
model_explorer_RevTpark_pokeDex-app_GitHub,1716.699,,
model_explorer_facial_expression_recognition_mobilefacenet_e12622b988d7e35a68309814a17ef21b_PINTO_6,2297.763,,
model_explorer_squeezenet_7512787ef918e0045b9d956b3edc283b_TFHub,840.3203,,
model_explorer_emza-vs_ModelZoo_GitHub_3,863.3446,,
model_explorer_SSDMobileNetV2_062004a403d4681fd697b105381df239_Coral,550.6066,,
model_explorer_speech_enhancement_unet_local_model,779.8444,,
model_explorer_GGolfz_Papaya-Backend_GitHub,353.2473,,
model_explorer_mobilenet_v1_0.50_128_quantized_1179e66f6fa1792e08f280eee3cdc38f_TFHub,2285.353,,
model_explorer_Tox1cCoder_CatsVsDogsClassification_GitHub,2388.409,,
model_explorer_onnx_models_GitHub_4,1092.181,,
model_explorer_RegNetY002_5c61b8901651140b31f1090e3419880e_KerasApps,1002.197,,
model_explorer_mobilenet_v1_1.0_160_quantized_6d07d9e605753e870edfcad175b7645b_TFHub,322.2369,,
model_explorer_centernet_mobilenetv2_kpts_local_model,198.7923,,
model_explorer_open-closed-eye-0001_8d44147a988e0f99ddb31beb1e69717c_PINTO_2,2312.032,,
model_explorer_balanarenmar_Project_Helping_Hands_GitHub_7,580.1462,,
model_explorer_sutongkui_SubPhysics_GitHub,2323.876,,
model_explorer_object_detection_mobile_object_localizer_v1_219f90d4ed1d812ac311ccbce9b00d77_TFHub,1521.739,,
model_explorer_batu_ProjNar_GitHub_14,2345.682,,
model_explorer_ndawinata_Flask-RestAPI-CNN-Awan_GitHub,1890.922,,
model_explorer_opencv_opencv_zoo_GitHub_33,607.7558,,
model_explorer_ML-Chen_vaporwave-gan_GitHub_1,2294.643,,
model_explorer_MoveNet.SinglePose.Thunder_3275884469dd477b7ae85170e49c44b6_Coral,210.2003,,
model_explorer_onnx_models_GitHub_54,334.493,,
model_explorer_onnx_models_GitHub_93,334.5105,,
model_explorer_onnx_models_GitHub_10,1132.646,,
model_explorer_imagenet_mobilenet_v3_large_100_224_feature_vector_53a3a715a5aa23e489fc4b242ba873b9_TFHub,326.2559,,
model_explorer_openvinotoolkit_openvino_GitHub_20,1116.506,,
model_explorer_unet_mobilenet_v2_128_local_model,168.2121,,
model_explorer_Semantic-Guided-Low-Light-Image-Enhancement_663666c92c77a498ea4aafe25dbeaad9_PINTO_8,2404.023,,
model_explorer_onnx_models_GitHub_125,334.4026,,
model_explorer_emza-vs_ModelZoo_GitHub_1,2224.639,,
model_explorer_yuradanyliuk_AutomaticParking_GitHub_4,2579.152,,
model_explorer_yolov5n_leaky_416_local_model,338.1132,,
model_explorer_onnx_models_GitHub_53,321.7677,,
model_explorer_mzakharo_tubby_GitHub,2312.759,,
model_explorer_ResNet18_b2464f4cf9b035822a1bdbf6c71cca75_OpenVINO,319.6267,,
model_explorer_PP-LCNetV2_74a1019134f7a3775833d121b9486efd_PINTO_10,1075.269,,
model_explorer_edgetpu_vision_mobilenet-edgetpu-v2_tiny_6f8c5287d688a357bf94be4ad394ce4f_TFHub,1083.203,,
model_explorer_batu_ProjNar_GitHub_8,2303.171,,
model_explorer_onnx_models_GitHub_156,321.7776,,
model_explorer_SSDMobileNetV1_6f2707aefd6046ca5b21381ad0ca9b41_Coral,570.4306,,
model_explorer_palak2665_Express-U_GitHub_1,2297.453,,
model_explorer_balanarenmar_Project_Helping_Hands_GitHub_1,256.3332,,
model_explorer_american-sign-language_66f5c57e44be1bf54820dd40fa1cefe3_TFHub,1063.61,,
model_explorer_JosephCatrambone_pixelbox_GitHub_1,391.3185,,
model_explorer_YOLOv5_Face_36483c4542b0ef195191ad8329579095_PINTO_1,484.3081,,
model_explorer_noisebridge_marys-lamb_GitHub,168.2383,,
model_explorer_inferenceengine_shadernn_GitHub_4,2296.635,,
model_explorer_astrorama_SourceXtractor-litmus_GitHub,133.3165,,
model_explorer_Sao-jung-listens-well_WIT_GitHub_2,281.6679,,
model_explorer_teplandr_Visioneer_GitHub_1,193.1714,,
model_explorer_imagenet_mobilenet_v1_025_128_classification_7c40dc544afd13a4a4b6d9cc65c5129c_TFHub,2308.746,,
model_explorer_yuradanyliuk_AutonomousParking_GitHub,2473.042,,
model_explorer_aiy_vision_classifier_food_V1_77768c4b0a564751dcef96a209696dfb_TFHub,1559.04,,
model_explorer_torinmb_mediapipe-touchdesigner_GitHub_5,722.9756,,
model_explorer_batu_ProjNar_GitHub_15,2313.897,,
model_explorer_RegNetX006_4b8366d2a1caf6239fe8c4204e1c2321_KerasApps,83.49247,,
model_explorer_tddfa_mobilenet_v1_4fac64eae00af43aa91a0a9347d75e60_Hailo,2308.368,,
model_explorer_mshayganfar_chista_GitHub_3,2299.675,,
model_explorer_M-Borsuk_CNN-Pneumonia-Classification_GitHub,1778.111,,
model_explorer_tiny_yolov3_51137831371ca637c3745da0cc3f8983_Hailo,338.7891,,
model_explorer_islem-esi_DeepMalwareDetector_GitHub,2319.941,,
model_explorer_rainbowbismuth_bird-vision_GitHub,2343.228,,
model_explorer_netsec917_Hikari-IDS_GitHub_5,2461.697,,
model_explorer_imagenet_mobilenet_v3_large_100_224_classification_31c913c9c7e4305a1ae71b220741a1ab_TFHub,326.2658,,
model_explorer_asus4_tf-lite-unity-sample_GitHub_4,1541.969,,
model_explorer_mp_object_detection_3d_camera_local_model,1082.6,,
model_explorer_yolov3_tiny_local_model,338.6251,,
model_explorer_autowarefoundation_modelzoo_GitHub_1,172.2639,,
model_explorer_SFace_4e5c5070fa3991c22232cce70e83cf24_PINTO_11,1333.618,,
model_explorer_MobileNet_5fe9891458ef6e712804058a3fe75842_KerasApps,1069.778,,
model_explorer_imagenet_mobilenet_v3_small_100_224_feature_vector_6dd0531639674eb62e502bdadc46e834_TFHub,326.1308,,
model_explorer_gordinmitya_dnn_benchmark_GitHub_3,1091.736,,
model_explorer_broadinstitute_ml4h_GitHub_1,91.58512,,
model_explorer_YuNetV2_7211ef47fdd0f316eea7a167c2838751_PINTO_7,146.7658,,
model_explorer_TiVo_dts-studio_GitHub_5,1535.269,,
model_explorer_hotg-ai_rune_GitHub_2,2330.57,,
model_explorer_AIBenchmarkMobile_9c04ddfcdd62b9474d5f4b76eed363bf_AIBenchmark_35,2298.032,,
model_explorer_MAPLELEAF3659_snake-game-ml-agent_GitHub_1,2316.067,,
model_explorer_asus4_tf-lite-unity-sample_GitHub,358.13,,
model_explorer_steverab_failing-loudly_GitHub_3,2321.574,,
model_explorer_kevin-emmatty_healthcare_GitHub,122.4653,,
model_explorer_InceptionV1_8a9bab243e0778a9c24944003dcdcbed_Coral,617.8064,,
model_explorer_balanarenmar_Project_Helping_Hands_GitHub_5,306.7085,,
model_explorer_repvgg_a0_person_reid_512_ef97e10f32d020026aa5253d910eb1cb_Hailo,454.8197,,
model_explorer_mobilenet_v1_0.75_192_quantized_2641307dc0f3513d85b34dbaabb45c5d_TFHub,1423.148,,
model_explorer_kackey0-1_project_ai_GitHub,2312.644,,
model_explorer_jaigane6387_images_classifier_GitHub,120.3538,,
model_explorer_mobilenetv1_ssd_local_model,557.5607,,
model_explorer_SSDMobileNetV2_589403945254b2695574dd897779538d_Coral,539.4507,,
model_explorer_hand_recrop_d0cd901ee9e65a855937a0823a3a68b6_PINTO_6,896.7381,,
model_explorer_M-LSD_068202de165844f96307a44e9e1910f8_PINTO,495.4084,,
model_explorer_regnety_200mf_ce8054f7a23d2098f8c1b54335bbc773_Hailo,1041.981,,
model_explorer_FabianGroeger96_cnn-number-detection_GitHub_2,2301.459,,
model_explorer_lewiuberg_tumorclass.info_GitHub,1074.71,,
model_explorer_ltiao_zalando-classification_GitHub,2315.223,,
model_explorer_EfficientNet-EdgeTpu(S)*_d16cb6c56695418ad7344e294464862c_Coral,398.3049,,
model_explorer_models_edgetpu_checkpoint_and_tflite_vision_segmentation-edgetpu_tflite_default_argmax_cd5cb2f80a903284831aa2b70cc7a8f3_PINTO_2,582.1502,,
model_explorer_Light-SERNet_521ccf093256c61a558f00016e572873_PINTO_3,1499.773,,
model_explorer_batu_ProjNar_GitHub_2,2439.096,,
model_explorer_mp_pose_landmark_lite_local_model,281.737,,
model_explorer_SwaggyMacro_MiraiNsfwBot_GitHub_1,1095.426,,
model_explorer_resnet_v1_18_e06eb310c808dcdd235188aec6179f3d_Hailo,319.5986,,
model_explorer_SatyamVyas00_Cloudburst-Prediction-using-GAF-and-CNN_GitHub_1,542.4916,,
model_explorer_FaceBoxes_6e1df205b97688e34bef8e2e23544af2_OpenVINO,57.5665,,
model_explorer_onnx_models_GitHub_61,2319.073,,
model_explorer_Emotion_FERPlus_1a14c09c00f0f31d4c82d35e7713daa0_PINTO_8,394.8629,,
model_explorer_aqibbangash_image-search-python_GitHub,750.0278,,
model_explorer_MobileNetV1_65b6e70bda63213f7d7009c0f101127f_Coral,1067.442,,
model_explorer_netsec917_Hikari-IDS_GitHub,2335.052,,
model_explorer_LiteTrack_b19f7faeca97c37f3a569028f1f6ddc7_PINTO_4,1561.506,,
model_explorer_IINemo_isanlp_srl_framebank_GitHub,1753.441,,
model_explorer_centernet_mobilenetv2_local_model,236.4167,,
model_explorer_drminix_facialpointviewer_GitHub,2295.007,,
model_explorer_ltiao_zalando-classification_GitHub_2,2319.797,,
model_explorer_resnet_v2_18_7c2042519d9e892a23977db189205cdf_Hailo,319.3919,,
model_explorer_mobilenet_v1_0.75_224_b9e13f62ae98d9c509bfb99fb381f7e6_TFHub,1095.362,,
model_explorer_sebastianstarke_AI4Animation_GitHub,2321.476,,
model_explorer_ltiao_zalando-classification_GitHub_1,2307.205,,
model_explorer_yeahaluu_Public_Sinsunai_GitHub,60.73587,,
model_explorer_mp_iris_landmark_local_model,2525.217,,
model_explorer_mp_pose_landmark_full_local_model,191.4523,,
model_explorer_edgetpu_vision_mobilenet-edgetpu-v2_xs_7fd60912fbde9b2be04426045773e6a5_TFHub,1074.542,,
model_explorer_xmartlabs_malaria-detector_GitHub_1,2294.367,,
model_explorer_wilsonloo_faceEmotionCppLinux_GitHub_1,1554.931,,
model_explorer_inferenceengine_shadernn_GitHub_5,338.4257,,
k_real_mobilenetv3_small_minimalistic_performance,1066.398,,
model_explorer_AIBenchmarkMobile_9c04ddfcdd62b9474d5f4b76eed363bf_AIBenchmark_22,1083.819,,
model_explorer_ankurdave_bird-models_GitHub_1,146.5158,,
model_explorer_MobileNetV3_ec9cf19c660f0e3acbbdadb13bbbaadf_Coral,1052.555,,
model_explorer_steverab_failing-loudly_GitHub,2292.237,,
model_explorer_TiVo_dts-studio_GitHub,504.4367,,
model_explorer_person-attributes-recognition-crossroad-0230_a27483802aed8e6996feca25bd5e430c_PINTO_7,2517.097,,
model_explorer_broadinstitute_ml4h_GitHub_3,495.145,,
model_explorer_Rhoban_env_public_GitHub,2407.697,,
model_explorer_RegNetY004_134b21ee2691ffc43d0339f3487b948e_KerasApps,286.8523,,
model_explorer_cstub_ml-ids_GitHub,2300.828,,
model_explorer_onnx_models_GitHub_36,1066.801,,
model_explorer_FabianGroeger96_cnn-number-detection_GitHub,2321.579,,
model_explorer_RegNetX004_e9434bdaa5ac63e78d2cdd1aa41ace58_KerasApps,742.787,,
model_explorer_HBONet1.0_66b1ecc71c056996ce9c0a8470aedc86_OpenVINO,872.2545,,
model_explorer_mobilenet_v1_0.25_128_f8b395e8c5c1c18dcb10ff89c84267d5_TFHub,2299.645,,
model_explorer_disease-classification_2087a4b67f9d3d4b5efc168d9263eef0_TFHub,562.7982,,
model_explorer_gordinmitya_dnn_benchmark_GitHub,1093.824,,
model_explorer_repvgg_a1_6a1c3969346e25860f08c674738e0e67_Hailo,487.3223,,
model_explorer_TiVo_dts-studio_GitHub_6,666.2674,,
model_explorer_kuff_medslr_GitHub_2,2334.979,,
model_explorer_balanarenmar_Project_Helping_Hands_GitHub_13,303.9167,,
model_explorer_ssd_mobilenet_v2_mnasfpn_shared_box_predictor_d233be6616284890814c9c59cf20e346_PINTO,167.8225,,
model_explorer_ZJU-lishuang_yolov5_tensorrt_GitHub_1,143.662,,
model_explorer_Sao-jung-listens-well_WIT_GitHub_12,887.842,,
model_explorer_face_landmark_11e7e3fbb51ee269b0caadc0a051b57f_PINTO_1,2068.185,,
model_explorer_onnx_models_GitHub_52,133.3212,,
model_explorer_doch2_AE-DNN-model-data_GitHub,2372.494,,
model_explorer_MST-Robotics_2022-Vision_GitHub,144.2845,,
model_explorer_NSFW_a14729dd4a8a86ef5a46be3f464b78a2_PINTO_10,972.8584,,
model_explorer_YuNet_62443df09472306e47a98f70b9922e9e_PINTO_7,2422.026,,
model_explorer_onnx_models_GitHub_103,1103.787,,
model_explorer_ssdmobilenetv2_fpnlite_local_model,218.1344,,
model_explorer_kneron_ONNX_Convertor_GitHub,1101.903,,
model_explorer_batu_ProjNar_GitHub_13,2309.557,,
model_explorer_moshimeow_mercury_steamvr_driver_GitHub_1,2394.184,,
model_explorer_onnx_models_GitHub_144,319.5987,,
model_explorer_ankurdave_bird-models_GitHub,143.8806,,
model_explorer_calderon0423_Perfectly_Paired_GitHub_1,2328.474,,
model_explorer_imagenet_mobilenet_v3_small_075_224_classification_ba1a0bff8e0c1fc1716e3922affd6983_TFHub,1073.476,,
model_explorer_shaolang_ml-zoomcamp_GitHub,2351.22,,
model_explorer_DivyaArunthathiar_Alzheimer-Detection_GitHub_1,1974.442,,
model_explorer_imagenet_mobilenet_v3_large_100_224_classification_d25888f018f2ec62d432d6eb60984f0d_TFHub,1081.23,,
model_explorer_arbitrary-image-stylization-inceptionv3_fead3bf44d449aa6f36d6d2b49aadeb8_TFHub,368.1013,,
model_explorer_batu_ProjNar_GitHub_17,2327.394,,
model_explorer_BadagalaAdarsh_ASL_GitHub_1,1078.233,,
model_explorer_yichenghuang980_emotion-detection_GitHub,2240.193,,
model_explorer_openvinotoolkit_openvino_GitHub_28,2325.915,,
k_real_mobilenetv3_small_performance,1062.838,,
model_explorer_SSDMobileNetV2_a2ce86d9062646dc52501e487aae8a9f_Coral,564.2014,,
model_explorer_naruto_handsign_detection_922515cecfa85eae99fc2b348f04d906_PINTO_5,362.6614,,
model_explorer_yolov5s_leaky_416_local_model,304.4752,,
model_explorer_utopiaZhang_devops_for_datascience_GitHub,2232.022,,
model_explorer_har932_Pneumonia-Detection_GitHub,114.6862,,
model_explorer_AIBenchmarkMobile_9c04ddfcdd62b9474d5f4b76eed363bf_AIBenchmark_23,1067.27,,
model_explorer_joncoons_Manufacturing-Vision-Accelerator-AMD64-v2_GitHub_3,245.1611,,
model_explorer_openvinotoolkit_openvino_GitHub_23,477.7109,,
model_explorer_Mukuntanku_Cat-Dog-Classification-Detection_GitHub,2294.429,,
model_explorer_singhjsw_Building-Damage-Detection-based-on-Post-Hurricane-Satellite-Imagery-using-Transfer-Learning-and-Conv_GitHub,1192.191,,
model_explorer_pspnet_local_model,68.74639,,
model_explorer_batu_ProjNar_GitHub_11,2295.198,,
model_explorer_SKT27182_portfolio_GitHub_5,2323.748,,
model_explorer_andromaqui_remote_handGesture_deviceControl_GitHub_1,2291.804,,
model_explorer_face-detection-adas-0001_17ded224973f9cee1702b8fe01a4380c_PINTO_4,234.6441,,
model_explorer_mobilenet_v1_0.75_160_9512a8f721691dc534f496d684af3db2_TFHub,2020.927,,
model_explorer_Sao-jung-listens-well_WIT_GitHub_6,226.6846,,
model_explorer_torinmb_mediapipe-touchdesigner_GitHub_10,243.2245,,
model_explorer_Sao-jung-listens-well_WIT_GitHub_14,894.3453,,
model_explorer_onnx_models_GitHub_83,1090.789,,
model_explorer_yolox_nano_ti_lite_local_model,342.3869,,
model_explorer_unet_mobilenet_local_model,107.8103,,
model_explorer_mshayganfar_chista_GitHub_2,2300.124,,
model_explorer_TiVo_dts-studio_GitHub_13,2492.778,,
model_explorer_opencv_opencv_zoo_GitHub_13,289.9377,,
model_explorer_SuavePirate_FaceONNX.Models_GitHub_4,292.6959,,
model_explorer_mp_object_detection_3d_cup_local_model,1076.142,,
model_explorer_aiy_vision_classifier_insects_V1_3781f9a5abee268c189cf64e521c92c7_TFHub,1078.551,,
model_explorer_scrfd_500m_d0f788434ac4b3f9ec710402f89ed89d_Hailo,147.3802,,
model_explorer_mshayganfar_chista_GitHub,2300.75,,
model_explorer_IBM_mini-era_GitHub,2331.591,,
model_explorer_mobilenet_v1_0.75_128_38e81efa72cdbe49642b2cc5364bf6db_TFHub,2286.908,,
model_explorer_avinesh1906_etherBots-ML-API_GitHub,49.85433,,
model_explorer_mp_object_detection_3d_sneakers_local_model,1081.589,,
model_explorer_AIBenchmarkMobile_9c04ddfcdd62b9474d5f4b76eed363bf_AIBenchmark_45,304.2195,,
model_explorer_hwajlee_TIL_GitHub_5,2326.898,,
model_explorer_BogGyver_openpilot_GitHub,719.2955,,
model_explorer_mnasnet_1.0_192_71bfa7b63a1a08477991fb468762ea4a_TFHub,1541.168,,
model_explorer_MobileStyleGAN_97ee8f4ce997135b6de496d9589b2564_PINTO,2303.246,,
model_explorer_NahidEbrahimian_Face-Mask-Detection_GitHub,837.5937,,
model_explorer_person-vehicle-bike-detection-crossroad-1016_8e88cce1386f3e5f604fd18cb1d7c584_PINTO_11,221.6696,,
model_explorer_yolov5n_leaky_local_model,144.2897,,
model_explorer_mobilenet_v1_0.50_192_quantized_a7878c246464859682e78b9d9388b91e_TFHub,1555.91,,
model_explorer_yolov5n_leaky_320_local_model,568.2818,,
model_explorer_hf-internal-testing_tiny-random-resnet_1c891d4e83bfef5f823672e05e771592_HuggingFace,973.9681,,
model_explorer_hanyax_simd_gpu_profilling_GitHub,302.4965,,
model_explorer_joncoons_Manufacturing-Vision-Accelerator-AMD64-v2_GitHub_7,1089.546,,
model_explorer_Ternaku-id_ternaku-bangkit-machine-learning_GitHub_6,1086.124,,
model_explorer_EfficientNet-EdgeTpu(S)_b4cd2655bde79755842e717d3a6cad08_Coral,398.2499,,
model_explorer_mobilenet_v1_0.25_160_2506467930e73a4084629094c8a3debf_TFHub,2065.527,,
model_explorer_deeplab_v3_plus_mobilenetv2_local_model,401.3641,,
model_explorer_Sao-jung-listens-well_WIT_GitHub_8,461.6296,,
model_explorer_EfficientNetB0_911d0527aad9dd549d917351bbeea0fc_OpenVINO,475.4237,,
model_explorer_RTMPose_Animal_8950a3d36a958cf6533d3b1afd0224c2_PINTO_2,242.7254,,
model_explorer_quarrying_quarrying-insect-id_GitHub_1,1099.697,,
model_explorer_spokestack_app-actions-example_GitHub_3,2326.503,,
model_explorer_thawro_yolov8-digits-detection_GitHub_1,894.0646,,
model_explorer_mobilenet_v1_1.0_160_b3e059bfa5576e6c58c723baffcb6c25_TFHub,2071.374,,
model_explorer_openvinotoolkit_vpux_plugin_GitHub,275.5312,,
model_explorer_TiVo_dts-studio_GitHub_14,329.8443,,
model_explorer_imagenet_mobilenet_v3_large_075_224_classification_d2482d40e214f2b9cc1a6d3118e1c7d6_TFHub,1070.794,,
model_explorer_vehicle-license-plate-detection-barrier-0106_e5a332ce547ffd8c098f0f501d38af08_PINTO,561.2096,,
model_explorer_MobileNetv1BodyPix_0e700892756f0f4a71a8ba7ce9f0f303_Coral,222.5824,,
model_explorer_asus4_tf-lite-unity-sample_GitHub_9,218.6911,,
model_explorer_rsandrini_dnd-dice-detection-cnn_GitHub,88.84475,,
model_explorer_mp_pose_detection_local_model,297.2399,,
model_explorer_AIBenchmarkMobile_9c04ddfcdd62b9474d5f4b76eed363bf_AIBenchmark_20,1107.394,,
model_explorer_pedestrian-and-vehicle-detector-adas-0001_bcd1c88a2dba6381fa7b8ad3c5e888f0_PINTO_4,232.3253,,
model_explorer_yolo3_mobilenet_lite_416_coco_local_model,257.0308,,
model_explorer_U-NetMobileNetv2_ad29c3d316648c034fa1579828bb6a20_Coral,168.2447,,
model_explorer_Laknath1996_sEMG-Hand-Gesture-Recognition_GitHub,2316.294,,
model_explorer_EfficientNet-EdgeTpu(M)*_17ca9e21b8ca571bfec4cb7ea8689297_Coral,276.9765,,
model_explorer_magenta_arbitrary-image-stylization-v1-256_c15660b2ef37bf02c8b1a472d7e32e41_TFHub,894.5803,,
model_explorer_kaiidams_TransferLearningAudio_GitHub,2438.237,,
model_explorer_efficientnet_lite2_classification_d264cde8b3621c44bd0a23c2f8682479_TFHub,722.4205,,
model_explorer_yolox_s_416x416_ti_lite_local_model,113.2605,,
model_explorer_InceptionV3_0168ae4c9dddd3c9473d4c5a93d1a070_Coral,457.635,,
model_explorer_openvinotoolkit_openvino_GitHub_6,2313.458,,
model_explorer_onnx_models_GitHub_140,334.5872,,
model_explorer_openvinotoolkit_openvino_GitHub_21,2272.668,,
model_explorer_yolov8n-cls_local_model,1085.637,,
model_explorer_Light-SERNet_521ccf093256c61a558f00016e572873_PINTO_2,1500.673,,
model_explorer_onnx_models_GitHub_76,982.3195,,
model_explorer_PyDNet_e019cd5269fcdd2b8fedc1a4f5aca5a9_PINTO_8,285.5432,,
model_explorer_Ternaku-id_ternaku-bangkit-machine-learning_GitHub_7,1069.799,,
model_explorer_vehicle-detection-0200_ddcdbc50476adbba978b19992a5bbcd7_PINTO_6,898.5254,,
model_explorer_yuradanyliuk_AutomaticParking_GitHub_1,2528.304,,
model_explorer_yolov7_tiny_416_local_model,298.9477,,
model_explorer_person_attr_resnet_v1_18_569247e0d0041dd5716b6a8248c94031_Hailo,292.7414,,
model_explorer_DroNet_4c91321c4eb865ee138024b6ac86faa1_PINTO_1,163.7214,,
model_explorer_MobileNetV2_29e4e4933c88b4e6febf49573b706bf9_Coral,1090.525,,
model_explorer_opencv_opencv_zoo_GitHub_1,61.33353,,
model_explorer_daniel-civitaramirez_CS147-FacialExpressionRecognition_GitHub,300.242,,
model_explorer_googlenet_local_model,639.3499,,
model_explorer_ankurdave_bird-models_GitHub_3,147.7386,,
model_explorer_asus4_tf-lite-unity-sample_GitHub_6,260.5669,,
model_explorer_rachidelfe_CNN-MGP-SCRIPT_GitHub_1,260.6848,,
model_explorer_gitguige_openpilot0.8.9_GitHub_1,713.4034,,
model_explorer_SynergyNet_bd634b56ca115616db0e1cc2a0459f5d_PINTO,2378.716,,
model_explorer_DeepSort_a96c756fb0475d2681df6eaede1152f9_PINTO_2,850.6736,,
model_explorer_repvgg_a0_person_reid_2048_9f5724a7b3fa3b84f78ad838d90243b7_Hailo,454.2951,,
model_explorer_lightcnn_v4_local_model,461.8656,,
model_explorer_pedestrian-detection-adas-0002_fccc5d01ea5d57fc1538f04c628c26b4_PINTO_4,233.3618,,
model_explorer_unet_local_model,107.7862,,
model_explorer_NSFW_a14729dd4a8a86ef5a46be3f464b78a2_PINTO_11,956.85,,
model_explorer_onnx_models_GitHub_85,302.4986,,
model_explorer_samuelkim7_pneumonia_cnn_GitHub,216.8924,,
model_explorer_Harp0n_DermaApp_GitHub,1100.739,,
model_explorer_yolov5n_seg_83812029796508bc2cd73bcaa7587de8_Hailo,80.77648,,
model_explorer_EfficientNet-EdgeTpu(M)_4372bddc60264ac65a5723a53c695d8e_Coral,349.203,,
model_explorer_mobilenetv2-poseestimation_edb5790df28ac1d501eaa1601440f0d5_PINTO_8,265.4419,,
k_real_mobilenetv3_large_minimalistic_performance,1068.494,,
model_explorer_MobileNetV2_82e6ff5236e4d328f331e9305b287043_KerasApps,1066.267,,
model_explorer_SuavePirate_FaceONNX.Models_GitHub_6,456.3997,,
model_explorer_mobilenet_v1_0.75_224_quantized_1c5fec829ef37f96cbc155fc1223bb21_TFHub,1007.623,,
model_explorer_mp_object_detection_3d_chair_local_model,1070.172,,
model_explorer_RedisAI_redisai-examples_GitHub_1,147.0434,,
model_explorer_slayerkenneth_FYP_BoAR_PSAN2_38_GitHub,261.0624,,
model_explorer_adrianlachowicz_RESISC-Classifier_GitHub,339.1554,,
model_explorer_repvgg_b0_local_model,258.1553,,
model_explorer_arithescientist_aidiagnosis_GitHub,148.5861,,
model_explorer_MobileNetV2_453e476449b6ac28463010feb9111eae_Coral,1077.299,,
model_explorer_PoseNetMobileNetV1_0be3629a51c40e6b971ddbc893fcdc6f_Coral,355.8204,,
model_explorer_AIBenchmarkMobile_9c04ddfcdd62b9474d5f4b76eed363bf_AIBenchmark_26,213.4289,,
model_explorer_octoml_octoml-examples_GitHub_5,261.0082,,
model_explorer_mobilenet_v2_1.0_224_3b69ca6cbfbde163c5fa8cbb60cb197f_TFHub,1065.843,,
model_explorer_EfficientNetV2B1_b716bd2ae5d186e73b6e4d75e7abfe37_KerasApps,360.7516,,
model_explorer_torinmb_mediapipe-touchdesigner_GitHub_2,1071.257,,
model_explorer_Vaish1591_Rice-Leaf-Disease-Analyzer_GitHub,1107.132,,
k_real_mobilenetv3_large_performance,1077.117,,
model_explorer_yolov7_tiny_320_local_model,494.8805,,
model_explorer_dong-haha_deeplearning_javaweb_GitHub_2,112.1927,,
model_explorer_slayerkenneth_FYP_BoAR_PSAN2_38_GitHub_3,261.1353,,
model_explorer_Ternaku-id_ternaku-bangkit-machine-learning_GitHub_1,1762.764,,
model_explorer_onnx_models_GitHub_14,321.9977,,
model_explorer_squeezedet_kitti_local_model,125.4125,,
model_explorer_MobileNetv1BodyPix_5698be0fc6d327cd25696ec305f63317_Coral,193.229,,
model_explorer_jasr88_object-detection_GitHub,172.6957,,
model_explorer_WHENet_2f83111daad55806e6a32ef0c0879264_PINTO_5,478.5874,,
model_explorer_unet_ultrasound_local_model,344.2367,,
model_explorer_joncoons_Manufacturing-Vision-Accelerator-AMD64-v2_GitHub_4,172.6671,,
model_explorer_RegNetY008_b0a05c341a700a3f3a2592d353726480_KerasApps,81.75388,,
model_explorer_mp_palm_detection_full_local_model,329.9307,,
model_explorer_owulveryck_khappygo_GitHub,425.7718,,
model_explorer_jdunns_w251_hw6_GitHub,292.7846,,
model_explorer_onnx_models_GitHub,322.018,,
model_explorer_PoseNetMobileNetV1_3d03366578b0ae2fb0a122b2146273c0_Coral,192.5542,,
model_explorer_EfficientNetV2B0_e61c107c0e66aa1038cc4a78f93f4ba3_KerasApps,721.5237,,
model_explorer_AOD-Net_e04d02afa1538a23305586dc856ddea4_PINTO_41,41.60949,,
model_explorer_Azure-Samples_IoTDemos_GitHub,172.6346,,
model_explorer_balanarenmar_Project_Helping_Hands_GitHub_11,306.7603,,
model_explorer_onnx_models_GitHub_97,261.0549,,
model_explorer_nilshoffmann_biohackathon2022-fair-ml-biomodels_GitHub,261.0488,,
model_explorer_MagicTouch_47ddfca4a4070bc0f7538be7fc9309ed_PINTO_3,99.40825,,
model_explorer_yolox_nano_local_model,360.866,,
model_explorer_mobilenet_yolo_v4_syg_local_model,130.3066,,
model_explorer_yolov5s_leaky_320_local_model,341.8331,,
model_explorer_mp_palm_detection_lite_local_model,504.0558,,
model_explorer_octoml_triton-modelanalyzer-experiments_GitHub_3,90.81062,,
model_explorer_osnet_x1_0_f2670ac8a795cd26fda7552a98c3916a_Hailo,183.3418,,
model_explorer_anti-spoof-mn3_c3839b272059af5c2736beddd7811eb4_PINTO_1,2256.47,,
model_explorer_EfficientNetV2B0_a3d46b5b236c07e20763005aed20c700_OpenVINO,719.8755,,
model_explorer_MobileNetv1BodyPix_6117de7a8e5551b565f6e248aca6bc12_Coral,358.756,,
model_explorer_gernet_m_local_model,108.5676,,
model_explorer_YOLOv5_Face_36483c4542b0ef195191ad8329579095_PINTO_6,484.2049,,
model_explorer_yinguobing_head-pose-estimation_GitHub,567.9729,,
model_explorer_unet_lane_local_model,201.6469,,
model_explorer_efficientnet_lite3_classification_3da0429747656b36cbce6b0ee2f51251_TFHub,503.047,,
model_explorer_yeahaluu_Public_Sinsunai_GitHub_1,60.82103,,
model_explorer_onnx_models_GitHub_62,321.9427,,
model_explorer_yolov5xs_wo_spp_nms_core_9d0e38032c9383042d99a3ec5f55f5c7_Hailo,175.1908,,
model_explorer_yolov8m-cls_local_model,226.3543,,
model_explorer_RegNetY006_1b81d8e4c8b2965a3f6cc22e188c85b9_KerasApps,240.2879,,
model_explorer_mp_object_detection_3d_sneakers_1stage_local_model,184.7983,,
model_explorer_naruto_handsign_detection_922515cecfa85eae99fc2b348f04d906_PINTO_4,363.1569,,
model_explorer_espcn_local_model,70.38509,,
model_explorer_MobileNetv1BodyPix_d42e48e55a527b4979eb996c7bfbb427_Coral,135.0842,,
model_explorer_owulveryck_khappygo_GitHub_1,147.0507,,
model_explorer_hayden-donnelly_ntg-unity_GitHub_3,58.70727,,
model_explorer_efficientnet_lite4_classification_5360297cefc31c93e9e7afa490425488_TFHub,157.3804,,
model_explorer_AIBenchmarkMobile_9c04ddfcdd62b9474d5f4b76eed363bf_AIBenchmark_24,213.6572,,
model_explorer_yolox_tiny_ti_lite_local_model,182.0241,,
model_explorer_SSDLiteMobileDet_7c6516d9991656262211aa6a99aeeb63_Coral,506.0965,,
model_explorer_JulianFeinauer_test123_GitHub,95.0936,,
model_explorer_NanoDetPluswithShuffleNetV21.5x.size=416_52ee42792e04e941adcb82ef893d7082_OpenVINO,144.0111,,
model_explorer_hayden-donnelly_ntg-unity_GitHub_5,58.7045,,
model_explorer_person-detection-0202_8cb56f61510a31aeb7a480507c37af72_PINTO_11,222.4558,,
model_explorer_gpunet0_local_model,222.4336,,
model_explorer_person-vehicle-bike-detection-crossroad-0078_fdbe0420db93fe684dbf99bd4657e904_PINTO,54.47817,,
model_explorer_DLA34_62a93fa88317c8a6fdbf29796cd60c29_OpenVINO,190.7497,,
model_explorer_tiny_yolov2_local_model,261.0093,,
model_explorer_nvidia_super_res_local_model,40.47785,,
model_explorer_yolov6n_0.2.1_24df965c49f689e0e995a3de172fea67_Hailo,145.8264,,
model_explorer_uwsbel_autonomy-research-testbed_GitHub,65.97691,,
model_explorer_sayedmohamedscu_YOLO-v5-Door-detection-for-visually-impaired-people_GitHub,87.97589,,
model_explorer_Mobilenet-yolo-v4-syg_538a480717c36126e57d259c25772d85_OpenVINO,130.3034,,
model_explorer_yolox_tiny_34697d4032cefac72fc123fd4f949327_Hailo,215.6935,,
model_explorer_nanodet_repvgg_ec3af6f8c42734f27e161468b4e32caf_Hailo,195.882,,
model_explorer_teplandr_Visioneer_GitHub_2,216.321,,
model_explorer_unet_mobilenet_v2_256_local_model,42.12239,,
model_explorer_mp_object_detection_3d_chair_1stage_local_model,184.756,,
model_explorer_yolox_tiny_local_model,216.3765,,
model_explorer_MagicTouch_47ddfca4a4070bc0f7538be7fc9309ed_PINTO_1,99.4446,,
model_explorer_octoml_triton-modelanalyzer-experiments_GitHub_1,132.6698,,
model_explorer_opencv_opencv_zoo_GitHub_17,39.09428,,
model_explorer_SCL-LLE_f7aeed7e07f078e4efa345c7c6b3f790_PINTO_10,114.9284,,
model_explorer_U-NetMobileNetv2_80415d536866fa43c7496fea2a43cfd3_Coral,42.12074,,
model_explorer_dong-haha_deeplearning_javaweb_GitHub_1,88.68645,,
model_explorer_zznlzz_dxy_GitHub,140.4974,,
model_explorer_AIBenchmarkMobile_9c04ddfcdd62b9474d5f4b76eed363bf_AIBenchmark_44,304.4682,,
model_explorer_AnishPawar_DSC-Eye-of-God_GitHub,33.59118,,
model_explorer_unetplusplus_local_model,129.9748,,
model_explorer_yolov8n_fde050d28c8b0e5265c982d24516d82a_Hailo,135.0439,,
model_explorer_fralik_ObjectDetection-MLNet_GitHub,261.046,,
model_explorer_DenseNet121_6e8dbf535919f3665894e1643018fd62_KerasApps,130.7375,,
model_explorer_NVIDIA-ISAAC-ROS_isaac_ros_proximity_segmentation_GitHub,39.82971,,
model_explorer_hayden-donnelly_ntg-unity_GitHub_6,14.81853,,
model_explorer_EfficientNet-EdgeTpu(L)_e9ddde77d8af5568ab029d573b8189a2_Coral,136.1202,,
model_explorer_scrfd_2.5g_85e187d907d436a6d20485740cc69ebb_Hailo,146.8821,,
model_explorer_MobileNetv1BodyPix_3ab328d0d776f5f2ad986cfd606e19fe_Coral,76.39206,,
model_explorer_hayden-donnelly_ntg-unity_GitHub_4,14.81856,,
model_explorer_onnx_models_GitHub_123,261.0264,,
model_explorer_yolov5xs_wo_spp_6528487dbd275787a9c4ffc9d024ca28_Hailo,174.7395,,
model_explorer_yolov6n_52c522be794879750c5196c36d7e353f_Hailo,144.7953,,
model_explorer_georg-jung_FaceAiSharp.Models_GitHub_2,146.4022,,
model_explorer_scott-lam_Garbage-Sorting-DNN-With-WLKATA-Mirobot_GitHub_1,94.75105,,
model_explorer_hayden-donnelly_ntg-unity_GitHub_8,14.81845,,
model_explorer_Aktyn_Protaktyn_GitHub,33.59049,,
model_explorer_JosephCatrambone_pixelbox_GitHub,26.27139,,
model_explorer_EdgeTPU-DeepLab-slim_6244a7653f1ca8d9e26af59c06e4565c_Coral,217.1064,,
model_explorer_facial_cartoonizer_local_model,50.74916,,
model_explorer_ankurdave_bird-models_GitHub_5,134.209,,
model_explorer_yolov8n_local_model,142.7342,,
model_explorer_dce_local_model,101.6839,,
model_explorer_PoseNetMobileNetV1_01948f4c147dc296873c78124e70ac52_Coral,65.73994,,
model_explorer_axinc-ai_onnx-quantization_GitHub_6,190.9523,,
model_explorer_EfficientNetV2B2_edfae983179c823c6355c473a31205d5_KerasApps,243.9167,,
model_explorer_PyDNet2_c8cbf05e7acd68547118c30ab634a3af_PINTO_27,73.89216,,
model_explorer_YOLOXTiny_d6da6e0f3471db4c021da55e9223e487_OpenVINO,216.3992,,
model_explorer_yolov7_tiny_3e111ae3003696ae7063f21b9494896f_Hailo,120.0138,,
model_explorer_yolox_s_ti_lite_local_model,77.62917,,
model_explorer_scott-lam_Garbage-Sorting-DNN-With-WLKATA-Mirobot_GitHub,140.471,,
model_explorer_yolov5s_leaky_local_model,134.3232,,
model_explorer_aurelien-m_depth_GitHub,92.75659,,
model_explorer_yolov5s_seg_5ef60a42d4f9860fe7f6c35f15c46ad6_Hailo,65.65219,,
model_explorer_quarrying_quarrying-insect-id_GitHub,136.3835,,
model_explorer_human-pose-estimation-3d-0001_f493762d4a7455b8364d2c381399f3f8_OpenVINO,144.4421,,
model_explorer_yolop320_local_model,105.2751,,
model_explorer_slayerkenneth_FYP_BoAR_PSAN2_38_GitHub_1,114.9363,,
model_explorer_TBEFN_3c187f503d0e13ab838280a4f0679168_PINTO_8,93.83763,,
model_explorer_yolov7_tiny_640_local_model,129.0051,,
model_explorer_MobileNetv1BodyPix_fbd07d714e17fed28f1d6dc38b74ea95_Coral,65.56916,,
model_explorer_r0bb23_rcv_me_not_me_GitHub,48.62551,,
model_explorer_Zero-DCE-TF_db23a34552efae2ef9b7c5b9636fd5dc_PINTO_8,86.8273,,
model_explorer_SCL-LLE_f7aeed7e07f078e4efa345c7c6b3f790_PINTO_46,86.7982,,
model_explorer_Taiki92777_streamlit_demo2_GitHub,92.9423,,
model_explorer_Ashlo_Covid19-xray-Flask-app_GitHub,53.92373,,
model_explorer_EfficientNet-EdgeTpu(L)*_9a6b2c33330c883950e5ef5afd421566_Coral,136.4514,,
model_explorer_yolov5s_189f9282a7b765c60fa9142c10266988_Hailo,118.412,,
model_explorer_openvinotoolkit_openvino_GitHub_26,81.35708,,
model_explorer_ssdmobilenet_v1_800_local_model,93.75104,,
model_explorer_unet_mobilenet_v2_578b17af49d3deb3e3c1d43049533aa6_Hailo,23.78402,,
model_explorer_MonadWizard_PNEUMONIA-prediction-using-keras-VGG16_GitHub,53.9228,,
model_explorer_ankurdave_bird-models_GitHub_4,83.13865,,
model_explorer_raytheonbbn_tak-ml_GitHub_3,54.01404,,
model_explorer_sayannath_SANUS-WEB_GitHub,53.92611,,
model_explorer_acmmmsys_2018-Mimir_GitHub,59.10566,,
model_explorer_wep21_mmdeploy_model_zoo_GitHub,74.85068,,
model_explorer_IP1102_Face-Mask-Detection_GitHub,52.27284,,
model_explorer_Fast-SRGAN_3fa02ec11ad9cbb8149b97b4745a868f_PINTO_2,51.43883,,
model_explorer_jumpnet_local_model,67.23858,,
model_explorer_Surat-96_A-E2E-Covid19-Prediction_GitHub,57.40641,,
model_explorer_AOD-Net_e04d02afa1538a23305586dc856ddea4_PINTO_3,14.36131,,
model_explorer_TBEFN_3c187f503d0e13ab838280a4f0679168_PINTO_40,73.2141,,
model_explorer_yolov8n_seg_878dff037d1faf27fe0e5a7a59f9e36f_Hailo,66.47777,,
model_explorer_opencv_opencv_zoo_GitHub_2,57.2344,,
model_explorer_yolov5n6_6.1_e835245de516fd91d5b7541d8ea88aa2_Hailo,35.35932,,
model_explorer_AIBenchmarkMobile_9c04ddfcdd62b9474d5f4b76eed363bf_AIBenchmark_40,6.064974,,
model_explorer_bisenet_local_model,81.11178,,
model_explorer_yolox_s_leaky_78743adf7aeabf23e45c3f66c336bc68_Hailo,59.95816,,
model_explorer_yolov8s_local_model,67.03359,,
model_explorer_yolox_s_local_model,57.00637,,
model_explorer_YOLO-6D-Pose_c19df40c4dfdfaba5bd100f3649199d1_PINTO_4,32.59308,,
model_explorer_scrfd_10g_c5d8080387e24521eb4ca8ec266987b0_Hailo,81.22579,,
model_explorer_M-LSD_068202de165844f96307a44e9e1910f8_PINTO_1,22.58707,,
model_explorer_raytheonbbn_tak-ml_GitHub,37.56206,,
model_explorer_AIBenchmarkMobile_9c04ddfcdd62b9474d5f4b76eed363bf_AIBenchmark_41,8.287009,,
model_explorer_centerpose_repvgg_a0_2cb59738f18009921a7931bfc3d3f26d_Hailo,64.86107,,
model_explorer_beltoforion_the-tourist-filter_GitHub,26.26376,,
model_explorer_yolov8s_467f5686cfa49bb9b780ea79cc7bd3ad_Hailo,62.86609,,
model_explorer_yolov8s_seg_f613612eb66d7bf5de6cab15aa885386_Hailo,14.79848,,
model_explorer_AIBenchmarkMobile_9c04ddfcdd62b9474d5f4b76eed363bf_AIBenchmark_43,26.96614,,
model_explorer_AIBenchmarkMobile_9c04ddfcdd62b9474d5f4b76eed363bf_AIBenchmark_42,25.0866,,
model_explorer_Zero-DCE-improved_e6ae9392ba368ab059e2aa9e207c8464_PINTO_3,44.88881,,
model_explorer_peter81725_Food-Fighter_GitHub,66.26748,,
model_explorer_PyDNet2_c8cbf05e7acd68547118c30ab634a3af_PINTO,33.54833,,
model_explorer_text_detection_db_db1a72a425cef7f168473f1607c061b3_PINTO_9,22.1292,,
model_explorer_text_detection_db_db1a72a425cef7f168473f1607c061b3_PINTO_7,22.12946,,
model_explorer_Zero-DCE-improved_e6ae9392ba368ab059e2aa9e207c8464_PINTO_21,38.2483,,
model_explorer_zero_dce_4c70bab607cb30d3f72ba948f1b93570_Hailo,27.72188,,
model_explorer_linknet_resnet18_local_model,26.79637,,
model_explorer_Zero-DCE-TF_db23a34552efae2ef9b7c5b9636fd5dc_PINTO_38,29.20867,,
model_explorer_squeezedet_plus_kitti_local_model,39.02662,,
model_explorer_autowarefoundation_modelzoo_GitHub,8.756264,,
model_explorer_yolox_s_wide_leaky_c75142893fb3ab1b654f91a7bfe87e31_Hailo,10.63373,,
model_explorer_nanodet_repvgg_a1_640_a161b2f78882f718915e80d683ba09b4_Hailo,59.36014,,
model_explorer_yolop640_local_model,25.65693,,
model_explorer_CenterNet(CTDETwithDLAV0)512x512_4d7de97c51fcdcd5c0b2738bc0e241b1_OpenVINO,16.07537,,
model_explorer_SFA3D_da2fe07968833012feed1f44c6811fc1_PINTO_7,36.0249,,
model_explorer_Graft-PSMNet_898d0e12e1def41cd880d4ca8e9f6cc7_PINTO_6,22.22213,,
model_explorer_PMN_1b7efe05bf702c8dbc674de90b374981_PINTO_8,23.26042,,
model_explorer_SFA3D_da2fe07968833012feed1f44c6811fc1_PINTO,36.04765,,
model_explorer_deblur_gan_local_model,19.26334,,
model_explorer_AIBenchmarkMobile_9c04ddfcdd62b9474d5f4b76eed363bf_AIBenchmark_14,22.97979,,
model_explorer_AIBenchmarkMobile_9c04ddfcdd62b9474d5f4b76eed363bf_AIBenchmark_13,22.97068,,
model_explorer_AIBenchmarkMobile_9c04ddfcdd62b9474d5f4b76eed363bf_AIBenchmark_5,19.19396,,
model_explorer_fcn8_resnet_v1_18_af05ccf5e55e24919d5e376751a91fca_Hailo,27.48326,,
model_explorer_AIBenchmarkMobile_9c04ddfcdd62b9474d5f4b76eed363bf_AIBenchmark_8,19.35492,,
model_explorer_fcn16_resnet_v1_18_9638e9d06af80875b6acf3d514f9a1fa_Hailo,27.47016,,
model_explorer_Tartisan_MMDet3d-CenterPoint_GitHub_1,5.944826,,
model_explorer_NREL_Panel-Segmentation_GitHub_1,10.44738,,
model_explorer_AIBenchmarkMobile_9c04ddfcdd62b9474d5f4b76eed363bf_AIBenchmark_36,6.040444,,
model_explorer_AIBenchmarkMobile_9c04ddfcdd62b9474d5f4b76eed363bf_AIBenchmark_37,6.040279,,
model_explorer_Fast-SRGAN_3fa02ec11ad9cbb8149b97b4745a868f_PINTO_22,3.229164,,
model_explorer_mbllen_lowlight_with_noise_local_model,3.268456,,
