Model,FPS
k_real_mobilenetv3_large_minimalistic_performance,1554.75307
k_real_mobilenetv3_large_performance,1549.143896
k_real_mobilenetv3_small_minimalistic_performance,1627.836865
k_real_mobilenetv3_small_performance,1529.426007
model_explorer_42io_esp32_kws_GitHub,45.79664
model_explorer_A-Y-Yang_CSP-572-Drug-Target-Identification-master_GitHub_1,2402.574475
model_explorer_acmmmsys_2018-Mimir_GitHub,100.3248
model_explorer_ACR-Loss_4e93bc740122b8c4fa1a02160a42912b_PINTO,1596.789
model_explorer_adit-g_willow_GitHub,2427.875
model_explorer_adnan4077_medical-image-class-detection_GitHub,2361.07
model_explorer_adrianlachowicz_RESISC-Classifier_GitHub,566.8164
model_explorer_AdwitM_Sign-Language-Recognition_GitHub,509.2961
model_explorer_AIBenchmarkMobile_9c04ddfcdd62b9474d5f4b76eed363bf_AIBenchmark_13,37.69498
model_explorer_AIBenchmarkMobile_9c04ddfcdd62b9474d5f4b76eed363bf_AIBenchmark_14,37.7006
model_explorer_AIBenchmarkMobile_9c04ddfcdd62b9474d5f4b76eed363bf_AIBenchmark_20,1686.68
model_explorer_AIBenchmarkMobile_9c04ddfcdd62b9474d5f4b76eed363bf_AIBenchmark_21,1578.753
model_explorer_AIBenchmarkMobile_9c04ddfcdd62b9474d5f4b76eed363bf_AIBenchmark_22,1560.335
model_explorer_AIBenchmarkMobile_9c04ddfcdd62b9474d5f4b76eed363bf_AIBenchmark_23,1631.853
model_explorer_AIBenchmarkMobile_9c04ddfcdd62b9474d5f4b76eed363bf_AIBenchmark_24,343.2203
model_explorer_AIBenchmarkMobile_9c04ddfcdd62b9474d5f4b76eed363bf_AIBenchmark_26,340.4277
model_explorer_AIBenchmarkMobile_9c04ddfcdd62b9474d5f4b76eed363bf_AIBenchmark_34,2451.66
model_explorer_AIBenchmarkMobile_9c04ddfcdd62b9474d5f4b76eed363bf_AIBenchmark_35,2371.266
model_explorer_AIBenchmarkMobile_9c04ddfcdd62b9474d5f4b76eed363bf_AIBenchmark_36,10.26526
model_explorer_AIBenchmarkMobile_9c04ddfcdd62b9474d5f4b76eed363bf_AIBenchmark_37,10.26498
model_explorer_AIBenchmarkMobile_9c04ddfcdd62b9474d5f4b76eed363bf_AIBenchmark_40,4.89205
model_explorer_AIBenchmarkMobile_9c04ddfcdd62b9474d5f4b76eed363bf_AIBenchmark_41,6.652849
model_explorer_AIBenchmarkMobile_9c04ddfcdd62b9474d5f4b76eed363bf_AIBenchmark_42,19.44193
model_explorer_AIBenchmarkMobile_9c04ddfcdd62b9474d5f4b76eed363bf_AIBenchmark_43,21.43262
model_explorer_AIBenchmarkMobile_9c04ddfcdd62b9474d5f4b76eed363bf_AIBenchmark_44,496.1653
model_explorer_AIBenchmarkMobile_9c04ddfcdd62b9474d5f4b76eed363bf_AIBenchmark_45,498.3881
model_explorer_AIBenchmarkMobile_9c04ddfcdd62b9474d5f4b76eed363bf_AIBenchmark_5,14.7711
model_explorer_AIBenchmarkMobile_9c04ddfcdd62b9474d5f4b76eed363bf_AIBenchmark_8,17.83659
model_explorer_aiy_vision_classifier_birds_V1_93541cd953e436eb19ee23b6122f16f6_TFHub,1554.609
model_explorer_aiy_vision_classifier_food_V1_77768c4b0a564751dcef96a209696dfb_TFHub,2352.837
model_explorer_aiy_vision_classifier_insects_V1_3781f9a5abee268c189cf64e521c92c7_TFHub,1547.918
model_explorer_aiy_vision_classifier_plants_V1_9b84407188105ac5c24cd2e6db3b2cbc_TFHub,1558.501
model_explorer_Aktyn_Protaktyn_GitHub,57.07033
model_explorer_alejoortizd_test_GitHub,2421.43
model_explorer_american-sign-language_66f5c57e44be1bf54820dd40fa1cefe3_TFHub,1659.343
model_explorer_andromaqui_remote_handGesture_deviceControl_GitHub_1,2397.148
model_explorer_AnishPawar_DSC-Eye-of-God_GitHub,57.07583
model_explorer_AnishPawar_DSC-Eye-of-God_GitHub_1,1586.673
model_explorer_AnishPawar_DSC-Eye-of-God_GitHub_4,279.7433
model_explorer_ankurdave_bird-models_GitHub,165.74
model_explorer_ankurdave_bird-models_GitHub_1,235.4308
model_explorer_ankurdave_bird-models_GitHub_3,236.3523
model_explorer_ankurdave_bird-models_GitHub_4,132.678622
model_explorer_ankurdave_bird-models_GitHub_5,216.3128
model_explorer_Anshal55_Real-time-age-gender-and-emotion_GitHub,2462.657
model_explorer_anti-spoof-mn3_c3839b272059af5c2736beddd7811eb4_PINTO_1,2339.942
model_explorer_AntiSpoofNet_07795bfa63d564c86bc5b21bc5ec91bb_OpenVINO,2365.811
model_explorer_antmicro_alkali-csd-fw_GitHub,2353.447
model_explorer_AOD-Net_e04d02afa1538a23305586dc856ddea4_PINTO_3,24.39727
model_explorer_AOD-Net_e04d02afa1538a23305586dc856ddea4_PINTO_41,69.92386
model_explorer_AppleParfait_OSP-Archive_GitHub_1,2466.817
model_explorer_AppleParfait_OSP-Archive_GitHub_3,2463.129
model_explorer_aqibbangash_image-search-python_GitHub,1273.817
model_explorer_arbitrary_image_stylization_4ec16d9ab58918bed5e2a300c25dca76_PINTO,1434.743
model_explorer_arbitrary-image-stylization-inceptionv3_fead3bf44d449aa6f36d6d2b49aadeb8_TFHub,625.1457
model_explorer_arcface_mobilefacenet_885ebf841fbfa97fd3ac991212337c2d_Hailo,809.775
model_explorer_arithescientist_aidiagnosis_GitHub,252.591
model_explorer_ARM-software_ML-zoo_GitHub,2412.527
model_explorer_ArmanNavodia_PlantDiseaseDetectionModel_GitHub,390.152353
model_explorer_ArmenHagopian_AI_self-driving-car-simulation_GitHub,2371.011
model_explorer_arthurvalls_plant-sickness-detection_GitHub,2457.958
model_explorer_Ashlo_Covid19-xray-Flask-app_GitHub,91.43566
model_explorer_astrorama_SourceXtractor-litmus_GitHub,226.4466
model_explorer_asus4_tf-lite-unity-sample_GitHub,609.1724
model_explorer_asus4_tf-lite-unity-sample_GitHub_2,1437.465
model_explorer_asus4_tf-lite-unity-sample_GitHub_4,2251.501
model_explorer_asus4_tf-lite-unity-sample_GitHub_5,1433.945
model_explorer_asus4_tf-lite-unity-sample_GitHub_6,442.6251
model_explorer_asus4_tf-lite-unity-sample_GitHub_7,898.8531
model_explorer_asus4_tf-lite-unity-sample_GitHub_8,815.319
model_explorer_asus4_tf-lite-unity-sample_GitHub_9,349.6637
model_explorer_aurelien-m_depth_GitHub,135.4062876
model_explorer_autowarefoundation_modelzoo_GitHub,14.71153
model_explorer_autowarefoundation_modelzoo_GitHub_1,292.5624
model_explorer_avinesh1906_etherBots-ML-API_GitHub,84.74817
model_explorer_axinc-ai_onnx-quantization_GitHub_3,1570.791
model_explorer_axinc-ai_onnx-quantization_GitHub_6,324.5099
model_explorer_Aylin-19-Johns_CIFAR-10_classifier_GitHub,2440.072
model_explorer_Azure-Samples_IoTDemos_GitHub,293.3171
model_explorer_BadagalaAdarsh_ASL_GitHub,932.4608
model_explorer_BadagalaAdarsh_ASL_GitHub_1,1830.989
model_explorer_balanarenmar_Project_Helping_Hands_GitHub_1,434.997
model_explorer_balanarenmar_Project_Helping_Hands_GitHub_11,519.1028
model_explorer_balanarenmar_Project_Helping_Hands_GitHub_13,522.1508
model_explorer_balanarenmar_Project_Helping_Hands_GitHub_5,525.7389
model_explorer_balanarenmar_Project_Helping_Hands_GitHub_7,843.0118
model_explorer_batu_ProjNar_GitHub,2463.811
model_explorer_batu_ProjNar_GitHub_1,2473.392
model_explorer_batu_ProjNar_GitHub_11,2337.871
model_explorer_batu_ProjNar_GitHub_12,2451.029
model_explorer_batu_ProjNar_GitHub_13,2455.512
model_explorer_batu_ProjNar_GitHub_14,2465.657
model_explorer_batu_ProjNar_GitHub_15,2456.251
model_explorer_batu_ProjNar_GitHub_16,2426.156
model_explorer_batu_ProjNar_GitHub_17,2413.03
model_explorer_batu_ProjNar_GitHub_2,2410.811
model_explorer_batu_ProjNar_GitHub_4,2425.819
model_explorer_batu_ProjNar_GitHub_5,2480.331
model_explorer_batu_ProjNar_GitHub_6,2435.414
model_explorer_batu_ProjNar_GitHub_7,2379.388
model_explorer_batu_ProjNar_GitHub_8,2432.42
model_explorer_batu_ProjNar_GitHub_9,2468.257
model_explorer_beltoforion_the-tourist-filter_GitHub,42.77296
model_explorer_bernardesrodrigoc_Ethoflow_GitHub,2264.765
model_explorer_Bhavya2201_Accudiagnosis_GitHub,2346.317
model_explorer_bisenet_local_model,137.8219778
model_explorer_BlazeFace_441468b8afe47ed33b41d17979de449d_PINTO,2176.467
model_explorer_BLRSAI_VEXAI-Sim_GitHub,2447.057
model_explorer_BLRSAI_VEXAI-Sim_GitHub_1,2474.632
model_explorer_BogGyver_openpilot_GitHub,1027.386
model_explorer_broadinstitute_ml4h_GitHub_1,144.6795
model_explorer_broadinstitute_ml4h_GitHub_3,834.8977
model_explorer_calderon0423_Perfectly_Paired_GitHub_1,2380.511
model_explorer_centernet_mobilenetv2_kpts_local_model,263.7837
model_explorer_centernet_mobilenetv2_local_model,343.4804
model_explorer_CenterNet(CTDETwithDLAV0)512x512_4d7de97c51fcdcd5c0b2738bc0e241b1_OpenVINO,-2
model_explorer_centerpose_repvgg_a0_2cb59738f18009921a7931bfc3d3f26d_Hailo,110.0846
model_explorer_chess_alphazero_community_local_model,2565.895
model_explorer_CNelis_myArtApp_GitHub,2354.895
model_explorer_codemaker2015_TensorFlow-Lite-for-Unity-Samples_GitHub_1,2379.887
model_explorer_commaai_openpilot_GitHub_1,2107.93
model_explorer_cropnet_classifier_cassava_disease_V1_7e693311a1ce243b5315a36dc65a460e_TFHub,1526.4
model_explorer_Crystalsound_FRN_GitHub,2429.075443
model_explorer_csTTRX_coulb-arif_GitHub,1850.331
model_explorer_cstub_ml-ids_GitHub,2355.202
model_explorer_cstub_ml-ids_GitHub_1,2376.088
model_explorer_daniel-civitaramirez_CS147-FacialExpressionRecognition_GitHub,510.0328
model_explorer_darrenyao87_tnn-models_GitHub_1,1233.755
model_explorer_dce_local_model,110.9452
model_explorer_deblur_gan_local_model,32.74748217
model_explorer_deep_q_atari_breakout_local_model,2428.398
model_explorer_deeplab_v3_plus_mobilenetv2_local_model,273.9278
model_explorer_DeepSort_a96c756fb0475d2681df6eaede1152f9_PINTO_2,1442.842
model_explorer_dendihandian_forest-fire-estimator_GitHub,2437.588
model_explorer_Dense-Head-Pose-Estimation_da347b73a0c6aac2a6aa3236741597e9_PINTO_5,2367.649
model_explorer_DenseNet121_6e8dbf535919f3665894e1643018fd62_KerasApps,216.8886
model_explorer_devLeffe_toxic-message-compet_GitHub,2410.201
model_explorer_disease-classification_2087a4b67f9d3d4b5efc168d9263eef0_TFHub,901.8558
model_explorer_DivyaArunthathiar_Alzheimer-Detection_GitHub_1,2364.275
model_explorer_DLA34_62a93fa88317c8a6fdbf29796cd60c29_OpenVINO,324.1892
model_explorer_doch2_AE-DNN-model-data_GitHub,2359.872
model_explorer_dong-haha_deeplearning_javaweb_GitHub,1555.199
model_explorer_dong-haha_deeplearning_javaweb_GitHub_1,149.1586
model_explorer_dong-haha_deeplearning_javaweb_GitHub_2,190.6091
model_explorer_driver-action-recognition-adas-0002-encoder_fc316ce76647ed4da2457956cb09b4b1_PINTO_2,1553.612
model_explorer_drminix_facialpointviewer_GitHub,2401.29
model_explorer_DroNet_4c91321c4eb865ee138024b6ac86faa1_PINTO_1,261.1568
model_explorer_Edenzzzz_Edu-x_GitHub_1,2452.305
model_explorer_edgetpu_vision_mobilenet-edgetpu-v2_tiny_6f8c5287d688a357bf94be4ad394ce4f_TFHub,1607.219
model_explorer_edgetpu_vision_mobilenet-edgetpu-v2_xs_7fd60912fbde9b2be04426045773e6a5_TFHub,1519.696
model_explorer_EdgeTPU-DeepLab-slim_6244a7653f1ca8d9e26af59c06e4565c_Coral,326.6054
model_explorer_efficientnet_lite0_classification_d5ba646fbc2619764c0261e69b13a86a_TFHub,1504.723
model_explorer_efficientnet_lite1_classification_aa4301730a28e9fcd33556a0640f4ce1_TFHub,1473.646
model_explorer_efficientnet_lite2_classification_d264cde8b3621c44bd0a23c2f8682479_TFHub,1179.02
model_explorer_efficientnet_lite3_classification_3da0429747656b36cbce6b0ee2f51251_TFHub,855.0542
model_explorer_efficientnet_lite4_classification_5360297cefc31c93e9e7afa490425488_TFHub,267.5043
model_explorer_EfficientNet-EdgeTpu(L)_e9ddde77d8af5568ab029d573b8189a2_Coral,231.2999749
model_explorer_EfficientNet-EdgeTpu(L)*_9a6b2c33330c883950e5ef5afd421566_Coral,231.8683676
model_explorer_EfficientNet-EdgeTpu(M)_4372bddc60264ac65a5723a53c695d8e_Coral,593.1730364
model_explorer_EfficientNet-EdgeTpu(M)*_17ca9e21b8ca571bfec4cb7ea8689297_Coral,470.4046735
model_explorer_EfficientNet-EdgeTpu(S)_b4cd2655bde79755842e717d3a6cad08_Coral,671.7739569
model_explorer_EfficientNet-EdgeTpu(S)*_d16cb6c56695418ad7344e294464862c_Coral,672.1686268
model_explorer_EfficientNetB0_911d0527aad9dd549d917351bbeea0fc_OpenVINO,808.0122
model_explorer_EfficientNetV2B0_a3d46b5b236c07e20763005aed20c700_OpenVINO,1069.079338
model_explorer_EfficientNetV2B0_e61c107c0e66aa1038cc4a78f93f4ba3_KerasApps,750.6071
model_explorer_EfficientNetV2B1_b716bd2ae5d186e73b6e4d75e7abfe37_KerasApps,607.4388
model_explorer_EfficientNetV2B2_edfae983179c823c6355c473a31205d5_KerasApps,1089.857627
model_explorer_eFiniLan_legacypilot_GitHub,44.77289
model_explorer_Emotion_FERPlus_1a14c09c00f0f31d4c82d35e7713daa0_PINTO_8,670.3556
model_explorer_emza-vs_ModelZoo_GitHub,2534.127
model_explorer_emza-vs_ModelZoo_GitHub_1,2614.981
model_explorer_emza-vs_ModelZoo_GitHub_3,1415.184
model_explorer_ersilia-os_eos3ae7_GitHub,2408.714
model_explorer_ersilia-os_image-based-dl_GitHub,45.84642
model_explorer_ersilia-os_image-based-dl_GitHub_1,1371.906
model_explorer_espcn_local_model,119.5912
model_explorer_espcn_x2_57a3f9e845f7f295cab834ea295a5532_Hailo,289.9209
model_explorer_espcn_x3_db0bbbfcb4191e0fd31750e86ffd5c79_Hailo,691.1321
model_explorer_espcn_x4_c92622cdedd9a20119a85a90d9b0984c_Hailo,1150.554
model_explorer_Estacao-pilhas-pi2_battery-analyser_GitHub,1326.929
model_explorer_expression_vgg13_local_model,723.3117
model_explorer_FabianGroeger96_cnn-number-detection_GitHub,2385.448
model_explorer_FabianGroeger96_cnn-number-detection_GitHub_1,2471.259
model_explorer_FabianGroeger96_cnn-number-detection_GitHub_2,2413.163
model_explorer_fabianhasse_openpilot_GitHub,2143.549
model_explorer_face_attr_resnet_v1_18_a3c4d9cfdcd350ef27b5ad17044a97ec_Hailo,580.827
model_explorer_face_landmark_11e7e3fbb51ee269b0caadc0a051b57f_PINTO_1,2372.875
model_explorer_face-detection-0100_18be1390c6f70f90ff9e4bae53f2b72a_PINTO_11,1442.395
model_explorer_face-detection-adas-0001_17ded224973f9cee1702b8fe01a4380c_PINTO_4,374.6161
model_explorer_FaceBoxes_6e1df205b97688e34bef8e2e23544af2_OpenVINO,91.37319
model_explorer_facial_cartoonizer_local_model,82.54924
model_explorer_facial_expression_recognition_mobilefacenet_e12622b988d7e35a68309814a17ef21b_PINTO_4,2454.213
model_explorer_facial_expression_recognition_mobilefacenet_e12622b988d7e35a68309814a17ef21b_PINTO_6,2425.808
model_explorer_fast_depth_7cb9fc9994feba47c2b2b47aacdd73b8_Hailo,470.3089
model_explorer_Fast-SRGAN_3fa02ec11ad9cbb8149b97b4745a868f_PINTO_2,81.43704
model_explorer_Fast-SRGAN_3fa02ec11ad9cbb8149b97b4745a868f_PINTO_22,5.487419
model_explorer_fcn16_resnet_v1_18_9638e9d06af80875b6acf3d514f9a1fa_Hailo,36.16484
model_explorer_fcn8_resnet_v1_18_af05ccf5e55e24919d5e376751a91fca_Hailo,34.89236
model_explorer_fralik_ObjectDetection-MLNet_GitHub,443.3761
model_explorer_FRILL_d830529e1248d3d75f95c02da4cfebf8_PINTO_5,2458.494
model_explorer_georg-jung_FaceAiSharp.Models_GitHub_2,233.9994
model_explorer_gernet_m_local_model,184.5026
model_explorer_gernet_s_local_model,1522.496
model_explorer_GGolfz_Papaya-Backend_GitHub,600.3864
model_explorer_gitguige_openpilot0.8.9_GitHub_1,1017.264
model_explorer_googlenet_local_model,1085.775
model_explorer_gordinmitya_dnn_benchmark_GitHub,1571.574
model_explorer_gordinmitya_dnn_benchmark_GitHub_1,1584.281
model_explorer_gordinmitya_dnn_benchmark_GitHub_3,1565.853
model_explorer_gpunet0_local_model,377.7559
model_explorer_Graft-PSMNet_898d0e12e1def41cd880d4ca8e9f6cc7_PINTO_6,25.80482
model_explorer_greenelab_core-accessory-interactome_GitHub,2464.84
model_explorer_greenelab_generic-expression-patterns_GitHub_1,2435.643
model_explorer_hand_recrop_d0cd901ee9e65a855937a0823a3a68b6_PINTO_6,1428.004
model_explorer_hanyax_simd_gpu_profilling_GitHub,513.8766
model_explorer_har932_Pneumonia-Detection_GitHub,195.0014
model_explorer_hardnet39ds_faff4e149a7586471f3ea8f297fed03f_Hailo,951.3547
model_explorer_Harp0n_DermaApp_GitHub,1513.505
model_explorer_hayden-donnelly_ntg-unity_GitHub_3,99.78391
model_explorer_hayden-donnelly_ntg-unity_GitHub_4,25.19146
model_explorer_hayden-donnelly_ntg-unity_GitHub_5,99.78841
model_explorer_hayden-donnelly_ntg-unity_GitHub_6,25.19169
model_explorer_hayden-donnelly_ntg-unity_GitHub_8,25.19127
model_explorer_HBONet0.25_7117475a66cad230a8fb88792121e0d1_OpenVINO,1553.962
model_explorer_HBONet1.0_66b1ecc71c056996ce9c0a8470aedc86_OpenVINO,1426.462
model_explorer_hbuenostaubi_crimeapp_GitHub,2337.397
model_explorer_hf-internal-testing_tiny-random-resnet_1c891d4e83bfef5f823672e05e771592_HuggingFace,1500.467
model_explorer_HHP-Net_821b130f29bfe641c1f1d4434a3674b4_PINTO,2753.075
model_explorer_HHP-Net_821b130f29bfe641c1f1d4434a3674b4_PINTO_28,2727.396
model_explorer_hotg-ai_rune_GitHub_2,2434.8
model_explorer_hotg-ai_rune_GitHub_3,2466.15
model_explorer_hotg-ai_rune_GitHub_4,2475.401
model_explorer_human-pose-estimation-3d-0001_f493762d4a7455b8364d2c381399f3f8_OpenVINO,245.4114
model_explorer_hwajlee_TIL_GitHub,2461.934
model_explorer_hwajlee_TIL_GitHub_1,2310.865
model_explorer_hwajlee_TIL_GitHub_2,2418.849
model_explorer_hwajlee_TIL_GitHub_3,2356.944
model_explorer_hwajlee_TIL_GitHub_4,2410.932
model_explorer_hwajlee_TIL_GitHub_5,2400.38
model_explorer_hwajlee_TIL_GitHub_6,2355.689
model_explorer_IBM_mini-era_GitHub,2389.016
model_explorer_IINemo_isanlp_srl_framebank_GitHub,2414.466
model_explorer_imagenet_mobilenet_v1_025_128_classification_7c40dc544afd13a4a4b6d9cc65c5129c_TFHub,2404.257
model_explorer_imagenet_mobilenet_v1_025_192_classification_b8e402df2a973fbe9dd23cf71a42756e_TFHub,2322.867
model_explorer_imagenet_mobilenet_v1_025_224_classification_fd665875f3ab208a0ca57cc14fbedab8_TFHub,1523.585
model_explorer_imagenet_mobilenet_v1_050_128_classification_252bdd56250c14a22da8f07d43196836_TFHub,2462.114
model_explorer_imagenet_mobilenet_v1_050_224_classification_003f32bbe2c68e075c0157b396be993d_TFHub,1606.619
model_explorer_imagenet_mobilenet_v2_035_96_classification_609b09cce2876554dad240ce7b28cef1_TFHub,2434.238
model_explorer_imagenet_mobilenet_v3_large_075_224_classification_2c0eba0feb6aaec029195a28ed4d8f50_TFHub,545.4012
model_explorer_imagenet_mobilenet_v3_large_075_224_classification_d2482d40e214f2b9cc1a6d3118e1c7d6_TFHub,1552.752
model_explorer_imagenet_mobilenet_v3_large_075_224_feature_vector_19188b8fc6bfbf1475a81462672bdbeb_TFHub,554.2912
model_explorer_imagenet_mobilenet_v3_large_100_224_classification_31c913c9c7e4305a1ae71b220741a1ab_TFHub,554.3648
model_explorer_imagenet_mobilenet_v3_large_100_224_classification_d25888f018f2ec62d432d6eb60984f0d_TFHub,1624.364
model_explorer_imagenet_mobilenet_v3_large_100_224_feature_vector_53a3a715a5aa23e489fc4b242ba873b9_TFHub,554.3604
model_explorer_imagenet_mobilenet_v3_small_075_224_classification_ba1a0bff8e0c1fc1716e3922affd6983_TFHub,1558.813
model_explorer_imagenet_mobilenet_v3_small_075_224_feature_vector_87fd5db86edd3e410b475581fe33c557_TFHub,554.191
model_explorer_imagenet_mobilenet_v3_small_100_224_classification_962b115180de6f0edbd74871053f89f5_TFHub,553.8148
model_explorer_imagenet_mobilenet_v3_small_100_224_feature_vector_6dd0531639674eb62e502bdadc46e834_TFHub,554.0306
model_explorer_InceptionV1_8a9bab243e0778a9c24944003dcdcbed_Coral,1048.915
model_explorer_InceptionV3_0168ae4c9dddd3c9473d4c5a93d1a070_Coral,769.4271
model_explorer_inferenceengine_shadernn_GitHub_4,2443.911
model_explorer_inferenceengine_shadernn_GitHub_5,544.4742
model_explorer_inferenceengine_shadernn_GitHub_7,1568.473
model_explorer_IP1102_Face-Mask-Detection_GitHub,88.85934564
model_explorer_islem-esi_DeepMalwareDetector_GitHub,2371.156
model_explorer_jaigane6387_images_classifier_GitHub,204.5131
model_explorer_janantala_senior-detection_GitHub,2411.553
model_explorer_jaspervillarosa_VILLAROSA_THESIS_GitHub,2481.252
model_explorer_jaspervillarosa_VILLAROSA_THESIS_GitHub_1,2466.889
model_explorer_jasr88_object-detection_GitHub,274.1968
model_explorer_jdunns_w251_hw6_GitHub,497.307
model_explorer_jeremia49_Dicoding-Tensorflow-Certification-Preparation_GitHub,2445.128
model_explorer_jeremia49_Dicoding-Tensorflow-Certification-Preparation_GitHub_1,2332.699
model_explorer_jmsulliv_Optical-Prediction-Neural-Network_GitHub_1,2479.011
model_explorer_jmsulliv_Optical-Prediction-Neural-Network_GitHub_3,2467.891
model_explorer_jofuelo_multimodal_emotion_detector_GitHub,660.1754
model_explorer_joncoons_Manufacturing-Vision-Accelerator-AMD64-v2_GitHub_3,407.4304
model_explorer_joncoons_Manufacturing-Vision-Accelerator-AMD64-v2_GitHub_4,289.4763
model_explorer_joncoons_Manufacturing-Vision-Accelerator-AMD64-v2_GitHub_7,1513.107
model_explorer_JosephCatrambone_pixelbox_GitHub,44.38566
model_explorer_JosephCatrambone_pixelbox_GitHub_1,665.0114
model_explorer_joshi-swetam_Flower-Recognition-AI-ML-Model_GitHub_1,1624.047
model_explorer_JuanCruzC97_ml-stuff_GitHub,937.4297
model_explorer_JulianFeinauer_test123_GitHub,226.9545
model_explorer_jumpnet_local_model,114.2989
model_explorer_K-Team-Coders_AfterburnerSQL_GitHub,2470.895
model_explorer_kackey0-1_project_ai_GitHub,2400.619
model_explorer_kaiidams_TransferLearningAudio_GitHub,2688.694
model_explorer_Kastori1206_catheroes_GitHub,2396.844
model_explorer_kayou11_Projet-Datascience_GitHub,-1
model_explorer_keonroohparvar_AI_ChessEngine_GitHub,2378.068
model_explorer_kevin-emmatty_healthcare_GitHub,208.1638
model_explorer_kklosowski_CIFAR10-with-Keras_GitHub,2470.059
model_explorer_kkweon_mnist-competition_GitHub,1165.776
model_explorer_kneron_ONNX_Convertor_GitHub,1579.413
model_explorer_Kotetsu0000_JavaOthello_GitHub_1,2450.597
model_explorer_Kotetsu0000_JavaOthello_GitHub_2,2378.624
model_explorer_kuff_medslr_GitHub,2473.109
model_explorer_kuff_medslr_GitHub_1,2470.435
model_explorer_kuff_medslr_GitHub_2,2404.139
model_explorer_Laknath1996_sEMG-Hand-Gesture-Recognition_GitHub,2385.99
model_explorer_lewiuberg_tumorclass.info_GitHub,1515.503
model_explorer_Light-SERNet_521ccf093256c61a558f00016e572873_PINTO_2,2377.066
model_explorer_Light-SERNet_521ccf093256c61a558f00016e572873_PINTO_3,2422.263
model_explorer_lightcnn_v4_local_model,784.6952
model_explorer_lightface_slim_a32fbd29f2df85560c144138bb7221ff_Hailo,1229.813
model_explorer_linknet_resnet18_local_model,24.88676
model_explorer_LiteTrack_b19f7faeca97c37f3a569028f1f6ddc7_PINTO_2,2436.611
model_explorer_LiteTrack_b19f7faeca97c37f3a569028f1f6ddc7_PINTO_4,2341.321
model_explorer_logicthinkedu_CVJD_Demo_GitHub,131.8959
model_explorer_ltiao_zalando-classification_GitHub,2382.635
model_explorer_ltiao_zalando-classification_GitHub_1,2474.192
model_explorer_ltiao_zalando-classification_GitHub_2,2421.869
model_explorer_M-Borsuk_CNN-Pneumonia-Classification_GitHub,2362.458
model_explorer_M-LSD_068202de165844f96307a44e9e1910f8_PINTO,762.8745
model_explorer_M-LSD_068202de165844f96307a44e9e1910f8_PINTO_1,38.21937
model_explorer_magenta_arbitrary-image-stylization-v1-256_c15660b2ef37bf02c8b1a472d7e32e41_TFHub,1430.009
model_explorer_MagicTouch_47ddfca4a4070bc0f7538be7fc9309ed_PINTO_1,7
model_explorer_MagicTouch_47ddfca4a4070bc0f7538be7fc9309ed_PINTO_3,144.699
model_explorer_MAPLELEAF3659_snake-game-ml-agent_GitHub,2470.417
model_explorer_MAPLELEAF3659_snake-game-ml-agent_GitHub_1,2409.658
model_explorer_MAPLELEAF3659_snake-game-ml-agent_GitHub_2,2415.528
model_explorer_maxlegrec1_DetectionFdF_GitHub,226.1603
model_explorer_mbllen_lowlight_with_noise_local_model,5.556437947
model_explorer_MiesnerJacob_computer-vision-streamlit_GitHub,2416.945
model_explorer_ML-Chen_vaporwave-gan_GitHub,2457.25
model_explorer_ML-Chen_vaporwave-gan_GitHub_1,2364.763
model_explorer_mnasnet_1.0_128_d9d0f6ab19d6ee2aa6936237bde17502_TFHub,2369.618
model_explorer_mnasnet_1.0_160_f874e904c45b00b820ecb95ba4c8a962_TFHub,2380.725
model_explorer_mnasnet_1.0_192_71bfa7b63a1a08477991fb468762ea4a_TFHub,2296.927
model_explorer_mnasnet_1.0_224_9ef5c95f737ba707019d2d533e4e400a_TFHub,1564.564
model_explorer_mnasnet_1.0_96_b904282a9ac82d08187e1ddd4ba3ada7_TFHub,2440.484
model_explorer_mnasnet_1.3_224_d4c5d0f37ae34012f0d2e961e8249639_TFHub,1520.69
model_explorer_MobileNet_5fe9891458ef6e712804058a3fe75842_KerasApps,1568.859
model_explorer_mobilenet_v1_0.25_128_f8b395e8c5c1c18dcb10ff89c84267d5_TFHub,2365.013
model_explorer_mobilenet_v1_0.25_128_quantized_59d519440f9053ba58cb93b7b7fcdd55_TFHub,2472.663
model_explorer_mobilenet_v1_0.25_160_2506467930e73a4084629094c8a3debf_TFHub,2450.456
model_explorer_mobilenet_v1_0.25_160_quantized_7258db3c7f6c68d033c3e5849c5b0b22_TFHub,2449.077
model_explorer_mobilenet_v1_0.25_192_7e1ea4e3ac7ec5b71609e19dc9bb6771_TFHub,2319.32
model_explorer_mobilenet_v1_0.25_192_quantized_e90b0c4ed2199993b5be63199cf4e3d4_TFHub,2276.85
model_explorer_mobilenet_v1_0.25_224_8e4c2c9e504fd9581465bbb1a5f63efa_TFHub,1597.183
model_explorer_mobilenet_v1_0.25_224_quantized_0bed04f636ebc9197477cb0489beda89_TFHub,1595.913
model_explorer_mobilenet_v1_0.50_128_4e0afb47123ebb97af6940f48f138e48_TFHub,2460.955
model_explorer_mobilenet_v1_0.50_128_quantized_1179e66f6fa1792e08f280eee3cdc38f_TFHub,2469.766
model_explorer_mobilenet_v1_0.50_160_e65762dbcaac3732498d40868d2d9ec2_TFHub,2416.912
model_explorer_mobilenet_v1_0.50_160_quantized_b64d8c4c26a5574eb6bc7054416e38ff_TFHub,2377.063
model_explorer_mobilenet_v1_0.50_192_1d03baefe6b958a640be280747f99c53_TFHub,2277.758
model_explorer_mobilenet_v1_0.50_192_quantized_a7878c246464859682e78b9d9388b91e_TFHub,2229.315
model_explorer_mobilenet_v1_0.50_224_ed590e5399cd02e04aa74a191f4ccab2_TFHub,1601.087
model_explorer_mobilenet_v1_0.50_224_quantized_3ead468050447581df495877ba44cee3_TFHub,1543.374
model_explorer_mobilenet_v1_0.75_128_38e81efa72cdbe49642b2cc5364bf6db_TFHub,2362.517
model_explorer_mobilenet_v1_0.75_128_quantized_17c97b25c57729ea27176872c3b55da3_TFHub,2407.354
model_explorer_mobilenet_v1_0.75_160_9512a8f721691dc534f496d684af3db2_TFHub,2383.563
model_explorer_mobilenet_v1_0.75_160_quantized_b47553037d67375f1b167a5bbc05c08f_TFHub,2296.288
model_explorer_mobilenet_v1_0.75_192_8ef21fc592e1d5359817f3407298dcab_TFHub,2272.685
model_explorer_mobilenet_v1_0.75_192_quantized_2641307dc0f3513d85b34dbaabb45c5d_TFHub,2266.424
model_explorer_mobilenet_v1_0.75_224_b9e13f62ae98d9c509bfb99fb381f7e6_TFHub,1526.52
model_explorer_mobilenet_v1_0.75_224_quantized_1c5fec829ef37f96cbc155fc1223bb21_TFHub,1660.938
model_explorer_mobilenet_v1_1.0_128_46110b795dab29e40521142c283e95ec_TFHub,639.3719
model_explorer_mobilenet_v1_1.0_128_quantized_26340ba87df7d805f0c46929918d6588_TFHub,853.3139
model_explorer_mobilenet_v1_1.0_160_b3e059bfa5576e6c58c723baffcb6c25_TFHub,2361.16
model_explorer_mobilenet_v1_1.0_160_quantized_6d07d9e605753e870edfcad175b7645b_TFHub,547.2446
model_explorer_mobilenet_v1_1.0_192_e1649f4cbdd3dc63f83a3630b782d4e6_TFHub,2279.887
model_explorer_mobilenet_v1_1.0_192_quantized_3e6b2801733a2c9d44896a61633237df_TFHub,1414.029
model_explorer_mobilenet_v1_1.0_224_3f45a1889f6d8dafde1351ea198c8548_TFHub,1582.708
model_explorer_mobilenet_v2_1.0_224_3b69ca6cbfbde163c5fa8cbb60cb197f_TFHub,1534.284
model_explorer_mobilenet_yolo_v4_syg_local_model,221.392
model_explorer_Mobilenet-yolo-v4-syg_538a480717c36126e57d259c25772d85_OpenVINO,221.3224
model_explorer_MobileNetV1_62477226e198368be957058d89d81b7f_Coral,2327.89
model_explorer_MobileNetV1_65b6e70bda63213f7d7009c0f101127f_Coral,1623.366
model_explorer_MobileNetV1_7864375789ac5d0bde53382ab1e34807_Coral,1549.478
model_explorer_MobileNetV1_cee7ba4026738ce1ec9f62947f385932_Coral,2429.751
model_explorer_MobileNetV1_e1ade2f1808bc10ef1c60e937ffe93c5_Coral,2335.054
model_explorer_MobileNetV1_e1b7babf69061a94ac0670870a1e1e76_Coral,1580.399
model_explorer_mobilenetv1_ssd_local_model,878.8064185
model_explorer_MobileNetV11.0224_a29aa60fa7b17e5dde663a7afa14a63b_OpenVINO_1,1543.649
model_explorer_MobileNetv1BodyPix_0e700892756f0f4a71a8ba7ce9f0f303_Coral,346.9322
model_explorer_MobileNetv1BodyPix_3ab328d0d776f5f2ad986cfd606e19fe_Coral,121.2529
model_explorer_MobileNetv1BodyPix_5698be0fc6d327cd25696ec305f63317_Coral,305.2792
model_explorer_MobileNetv1BodyPix_6117de7a8e5551b565f6e248aca6bc12_Coral,576.1853
model_explorer_MobileNetv1BodyPix_d42e48e55a527b4979eb996c7bfbb427_Coral,212.9701
model_explorer_MobileNetv1BodyPix_fbd07d714e17fed28f1d6dc38b74ea95_Coral,104.2782
model_explorer_MobileNetV2_29e4e4933c88b4e6febf49573b706bf9_Coral,1505.263
model_explorer_MobileNetV2_453e476449b6ac28463010feb9111eae_Coral,1585.338
model_explorer_MobileNetV2_5e4e1a101e8f7a5cd6956ae8f378d5c8_Coral,1584.125
model_explorer_MobileNetV2_82e6ff5236e4d328f331e9305b287043_KerasApps,1556.628
model_explorer_MobileNetV2_a66cec24b74b28c92f8bd2c75174cb40_Coral,1603.962
model_explorer_MobileNetV2_b41676ee67842101d342dd88961ddea4_Coral,1590.333
model_explorer_mobilenetv2-poseestimation_edb5790df28ac1d501eaa1601440f0d5_PINTO_8,447.4107
model_explorer_mobilenetv2-ssdlite_4254f13f8c85cb87bacaeae0d0bab7eb_PINTO_2,896.2085
model_explorer_MobileNetV21.0224_9265790c6211edb0136c88cfa87a5dd2_OpenVINO,1538.345
model_explorer_MobileNetV3_ec9cf19c660f0e3acbbdadb13bbbaadf_Coral,1567.366
model_explorer_MobileOne_d3705525e4cfc3ebe256dda46b488605_PINTO_1,1523.581
model_explorer_MobileStyleGAN_97ee8f4ce997135b6de496d9589b2564_PINTO,2392.987
model_explorer_MobileStyleGAN_97ee8f4ce997135b6de496d9589b2564_PINTO_2,2433.117
model_explorer_models_edgetpu_checkpoint_and_tflite_vision_segmentation-edgetpu_tflite_default_argmax_cd5cb2f80a903284831aa2b70cc7a8f3_PINTO_2,436.689
model_explorer_MonadWizard_PNEUMONIA-prediction-using-keras-VGG16_GitHub,91.43146
model_explorer_moshimeow_mercury_steamvr_driver_GitHub_1,2429.678
model_explorer_MoveNet.SinglePose.Lightning_b2b9000f4a4bb5fb73a68546a3b9b3d6_Coral,816.7062
model_explorer_MoveNet.SinglePose.Thunder_3275884469dd477b7ae85170e49c44b6_Coral,341.4559
model_explorer_mp_face_detection_full_range_local_model,1061.703
model_explorer_mp_face_detection_full_range_sparse_local_model,1067.194
model_explorer_mp_face_detection_short_range_local_model,2372.873
model_explorer_mp_face_landmark_local_model,2243.697
model_explorer_mp_hand_landmark_full_local_model,1547.998
model_explorer_mp_hand_landmark_lite_local_model,1528.259
model_explorer_mp_hand_recrop_local_model,1442.518
model_explorer_mp_iris_landmark_local_model,2602.122
model_explorer_mp_object_detection_3d_camera_local_model,1535.272
model_explorer_mp_object_detection_3d_chair_1stage_local_model,295.6276
model_explorer_mp_object_detection_3d_chair_local_model,1548.444
model_explorer_mp_object_detection_3d_cup_local_model,1595.529
model_explorer_mp_object_detection_3d_sneakers_1stage_local_model,294.8224
model_explorer_mp_object_detection_3d_sneakers_local_model,1576.075
model_explorer_mp_palm_detection_full_local_model,544.9499
model_explorer_mp_palm_detection_lite_local_model,854.4765
model_explorer_mp_pose_detection_local_model,504.8053
model_explorer_mp_pose_landmark_full_local_model,324.5413
model_explorer_mp_pose_landmark_lite_local_model,483.8109
model_explorer_mp_selfie_segmentation_landscape_local_model,636.0227
model_explorer_mp_selfie_segmentation_local_model,349.5309
model_explorer_mrakesh0608_Sahaay_GitHub,969.0392
model_explorer_mrdakj_letters_GitHub,2433.554
model_explorer_mrdakj_letters_GitHub_1,2469.542
model_explorer_mshayganfar_chista_GitHub,2396.545
model_explorer_mshayganfar_chista_GitHub_1,2441.183
model_explorer_mshayganfar_chista_GitHub_2,2397.268
model_explorer_mshayganfar_chista_GitHub_3,2472.144
model_explorer_MST-Robotics_2022-Vision_GitHub,166.2859
model_explorer_Mukuntanku_Cat-Dog-Classification-Detection_GitHub,2379.785
model_explorer_myacobb_projectAvalanche_GitHub_1,2119.65
model_explorer_mzakharo_tubby_GitHub,2437.815
model_explorer_mzakharo_tubby_GitHub_1,2370.719
model_explorer_na-o-ys_shogi-camera_GitHub,2462.446
model_explorer_na-o-ys_shogi-camera_GitHub_1,2387.862
model_explorer_NahidEbrahimian_Face-Mask-Detection_GitHub,1421.853
model_explorer_nanodet_repvgg_a1_640_a161b2f78882f718915e80d683ba09b4_Hailo,100.4712
model_explorer_nanodet_repvgg_ec3af6f8c42734f27e161468b4e32caf_Hailo,331.5632
model_explorer_NanoDetPluswithShuffleNetV21.5x.size=416_52ee42792e04e941adcb82ef893d7082_OpenVINO,243.9615744
model_explorer_naotokui_CreativeGAN-Rhythm_GitHub,2420.144
model_explorer_naotokui_CreativeGAN-Rhythm_GitHub_1,2456.519
model_explorer_naotokui_CreativeGAN-Rhythm_GitHub_2,2473.967
model_explorer_naruto_handsign_detection_922515cecfa85eae99fc2b348f04d906_PINTO_4,579.9904255
model_explorer_naruto_handsign_detection_922515cecfa85eae99fc2b348f04d906_PINTO_5,581.5597
model_explorer_NathaAix_detection_GitHub,362.2791
model_explorer_navn-r_yuHacks21_GitHub,2366.463
model_explorer_ndawinata_Flask-RestAPI-CNN-Awan_GitHub,2431.038
model_explorer_netsec917_Hikari-IDS_GitHub,2440.342
model_explorer_netsec917_Hikari-IDS_GitHub_1,2458.679
model_explorer_netsec917_Hikari-IDS_GitHub_2,2475.573
model_explorer_netsec917_Hikari-IDS_GitHub_3,2434.345
model_explorer_netsec917_Hikari-IDS_GitHub_4,2441.706
model_explorer_netsec917_Hikari-IDS_GitHub_5,2347.956
model_explorer_netsec917_Hikari-IDS_GitHub_6,2372.814
model_explorer_nilshoffmann_biohackathon2022-fair-ml-biomodels_GitHub,443.2714
model_explorer_noisebridge_marys-lamb_GitHub,281.5178
model_explorer_nomadz-ethz_nomadz-code-release_GitHub,2253.769
model_explorer_nomadz-ethz_nomadz-code-release_GitHub_1,2651.994
model_explorer_NREL_Panel-Segmentation_GitHub_1,15.88398
model_explorer_NSFW_a14729dd4a8a86ef5a46be3f464b78a2_PINTO_10,1560.816
model_explorer_NSFW_a14729dd4a8a86ef5a46be3f464b78a2_PINTO_11,1508.029
model_explorer_nvidia_super_res_local_model,40.76427
model_explorer_NVIDIA-ISAAC-ROS_isaac_ros_dnn_stereo_disparity_GitHub,9.570068
model_explorer_NVIDIA-ISAAC-ROS_isaac_ros_proximity_segmentation_GitHub,66.21641
model_explorer_object_detection_mobile_object_labeler_v1_29a1baa771f787ef32d0ff31cc78d1c5_TFHub,1574.607
model_explorer_object_detection_mobile_object_localizer_v1_219f90d4ed1d812ac311ccbce9b00d77_TFHub,2234.204827
model_explorer_octoml_octoml-examples_GitHub_3,1603.999
model_explorer_octoml_octoml-examples_GitHub_5,405.6628
model_explorer_octoml_triton-modelanalyzer-experiments_GitHub_1,160.0879
model_explorer_octoml_triton-modelanalyzer-experiments_GitHub_3,153.9115
model_explorer_onnx_models_GitHub,546.635
model_explorer_onnx_models_GitHub_10,1168.861
model_explorer_onnx_models_GitHub_103,1517
model_explorer_onnx_models_GitHub_11,1555.688
model_explorer_onnx_models_GitHub_119,2262.173
model_explorer_onnx_models_GitHub_12,1176.116
model_explorer_onnx_models_GitHub_123,433.8919
model_explorer_onnx_models_GitHub_124,1160.691
model_explorer_onnx_models_GitHub_125,568.1888
model_explorer_onnx_models_GitHub_128,723.0217
model_explorer_onnx_models_GitHub_14,533.5427
model_explorer_onnx_models_GitHub_140,568.2398
model_explorer_onnx_models_GitHub_142,709.4651
model_explorer_onnx_models_GitHub_144,542.9649
model_explorer_onnx_models_GitHub_156,1496.451
model_explorer_onnx_models_GitHub_165,1167.523
model_explorer_onnx_models_GitHub_36,1576.452
model_explorer_onnx_models_GitHub_4,1542.207
model_explorer_onnx_models_GitHub_45,547.0056
model_explorer_onnx_models_GitHub_52,226.4418
model_explorer_onnx_models_GitHub_53,1515.902
model_explorer_onnx_models_GitHub_54,547.1498
model_explorer_onnx_models_GitHub_58,1551.381
model_explorer_onnx_models_GitHub_61,2384.387
model_explorer_onnx_models_GitHub_62,546.5314
model_explorer_onnx_models_GitHub_67,2423.582
model_explorer_onnx_models_GitHub_72,568.0845
model_explorer_onnx_models_GitHub_73,1537.442
model_explorer_onnx_models_GitHub_76,733.7949
model_explorer_onnx_models_GitHub_83,1169.3
model_explorer_onnx_models_GitHub_85,513.7214
model_explorer_onnx_models_GitHub_93,568.2604
model_explorer_onnx_models_GitHub_97,723.5373
model_explorer_open-closed-eye-0001_44d54e2715c26d676dab6bc0b756230c_OpenVINO,2365.739
model_explorer_open-closed-eye-0001_8d44147a988e0f99ddb31beb1e69717c_PINTO_2,2391.288
model_explorer_opencv_opencv_zoo_GitHub_1,-2
model_explorer_opencv_opencv_zoo_GitHub_12,236.7658
model_explorer_opencv_opencv_zoo_GitHub_13,484.8396
model_explorer_opencv_opencv_zoo_GitHub_14,1533.705
model_explorer_opencv_opencv_zoo_GitHub_17,66.44659
model_explorer_opencv_opencv_zoo_GitHub_2,97.0238
model_explorer_opencv_opencv_zoo_GitHub_33,443.2338
model_explorer_opencv_opencv_zoo_GitHub_36,1545.625
model_explorer_opencv_opencv_zoo_GitHub_5,505.2356
model_explorer_openvinotoolkit_openvino_GitHub,1935.333
model_explorer_openvinotoolkit_openvino_GitHub_11,829.2337
model_explorer_openvinotoolkit_openvino_GitHub_14,1228.806
model_explorer_openvinotoolkit_openvino_GitHub_17,1577.067
model_explorer_openvinotoolkit_openvino_GitHub_19,1076.409
model_explorer_openvinotoolkit_openvino_GitHub_20,1492.682
model_explorer_openvinotoolkit_openvino_GitHub_21,2417.004
model_explorer_openvinotoolkit_openvino_GitHub_22,1055.33
model_explorer_openvinotoolkit_openvino_GitHub_23,811.0311
model_explorer_openvinotoolkit_openvino_GitHub_24,45.60448
model_explorer_openvinotoolkit_openvino_GitHub_25,1559.341
model_explorer_openvinotoolkit_openvino_GitHub_26,129.316
model_explorer_openvinotoolkit_openvino_GitHub_27,2472.153
model_explorer_openvinotoolkit_openvino_GitHub_28,2371.201
model_explorer_openvinotoolkit_openvino_GitHub_4,2334.454
model_explorer_openvinotoolkit_openvino_GitHub_5,1038.204
model_explorer_openvinotoolkit_openvino_GitHub_6,2423.333
model_explorer_openvinotoolkit_openvino_GitHub_8,2480.959
model_explorer_openvinotoolkit_openvino_GitHub_9,1620.025
model_explorer_openvinotoolkit_testdata_GitHub,2354.023
model_explorer_openvinotoolkit_vpux_plugin_GitHub,461.7458
model_explorer_osnet_x1_0_f2670ac8a795cd26fda7552a98c3916a_Hailo,311.6734268
model_explorer_owulveryck_khappygo_GitHub,723.1569
model_explorer_owulveryck_khappygo_GitHub_1,249.7979
model_explorer_palak2665_Express-U_GitHub_1,2460.219
model_explorer_pedestrian-and-vehicle-detector-adas-0001_bcd1c88a2dba6381fa7b8ad3c5e888f0_PINTO_4,375.8585
model_explorer_pedestrian-detection-adas-0002_fccc5d01ea5d57fc1538f04c628c26b4_PINTO_4,371.2249
model_explorer_person_attr_resnet_v1_18_569247e0d0041dd5716b6a8248c94031_Hailo,497.3775
model_explorer_person-attributes-recognition-crossroad-0230_a27483802aed8e6996feca25bd5e430c_PINTO_7,2644.363
model_explorer_person-detection-0202_8cb56f61510a31aeb7a480507c37af72_PINTO_11,352.6926
model_explorer_person-vehicle-bike-detection-crossroad-0078_fdbe0420db93fe684dbf99bd4657e904_PINTO,87.18416
model_explorer_person-vehicle-bike-detection-crossroad-1016_8e88cce1386f3e5f604fd18cb1d7c584_PINTO_11,356.4655
model_explorer_peter81725_Food-Fighter_GitHub,112.6354979
model_explorer_piyx_ImageProcessingApplications_GitHub,2406.255
model_explorer_pmcbride_REDNet-TensorFlow_GitHub,2462.64
model_explorer_PMN_1b7efe05bf702c8dbc674de90b374981_PINTO_8,39.42186
model_explorer_PoseNetMobileNetV1_01948f4c147dc296873c78124e70ac52_Coral,105.4011
model_explorer_PoseNetMobileNetV1_0be3629a51c40e6b971ddbc893fcdc6f_Coral,568.5015
model_explorer_PoseNetMobileNetV1_3d03366578b0ae2fb0a122b2146273c0_Coral,308.0766496
model_explorer_PP-LCNetV2_74a1019134f7a3775833d121b9486efd_PINTO_10,1555.47
model_explorer_PP-LCNetV2_74a1019134f7a3775833d121b9486efd_PINTO_4,1549.717
model_explorer_Preeti-sahani_smoke-fire-detector_GitHub,1551.808
model_explorer_pspnet_local_model,116.82
model_explorer_PyDNet_e019cd5269fcdd2b8fedc1a4f5aca5a9_PINTO_8,484.8562
model_explorer_PyDNet2_c8cbf05e7acd68547118c30ab634a3af_PINTO,56.93245
model_explorer_PyDNet2_c8cbf05e7acd68547118c30ab634a3af_PINTO_27,125.5504
model_explorer_quarrying_quarrying-celebrity-id_GitHub_1,2407.268
model_explorer_quarrying_quarrying-insect-id_GitHub,219.6058983
model_explorer_quarrying_quarrying-insect-id_GitHub_1,1556.241
model_explorer_quarrying_quarrying-plant-id_GitHub,1575.908
model_explorer_r0bb23_rcv_me_not_me_GitHub,82.6655
model_explorer_rachidelfe_CNN-MGP-SCRIPT_GitHub,2396.877
model_explorer_rachidelfe_CNN-MGP-SCRIPT_GitHub_1,442.8097
model_explorer_rainbowbismuth_bird-vision_GitHub,685.3194
model_explorer_rainbowbismuth_bird-vision_GitHub_1,2370.183
model_explorer_rajasoun_nlp_GitHub,2482.856
model_explorer_rajghadi1_MDP_GitHub,1520.46
model_explorer_raytheonbbn_tak-ml_GitHub,63.85278
model_explorer_raytheonbbn_tak-ml_GitHub_1,1538.925
model_explorer_raytheonbbn_tak-ml_GitHub_2,279.7921
model_explorer_raytheonbbn_tak-ml_GitHub_3,87.7151
model_explorer_raytheonbbn_tak-ml_GitHub_4,2440.07
model_explorer_RedisAI_redisai-examples_GitHub_1,247.797
model_explorer_RedisAI_redisai-examples_GitHub_7,2440.07
model_explorer_RegNetX002_94e18f2b57390d662f4b89588a40ec3c_KerasApps,1552.622
model_explorer_RegNetX004_e9434bdaa5ac63e78d2cdd1aa41ace58_KerasApps,641.0368
model_explorer_RegNetX006_4b8366d2a1caf6239fe8c4204e1c2321_KerasApps,86.50119
model_explorer_regnety_200mf_ce8054f7a23d2098f8c1b54335bbc773_Hailo,1548.343
model_explorer_RegNetY002_5c61b8901651140b31f1090e3419880e_KerasApps,1114.502
model_explorer_RegNetY004_134b21ee2691ffc43d0339f3487b948e_KerasApps,364.8814
model_explorer_RegNetY006_1b81d8e4c8b2965a3f6cc22e188c85b9_KerasApps,364.0348
model_explorer_RegNetY008_b0a05c341a700a3f3a2592d353726480_KerasApps,81.71898088
model_explorer_rehat-app_Deploy-ML_GitHub,1232.139
model_explorer_repvgg_a0_person_reid_2048_9f5724a7b3fa3b84f78ad838d90243b7_Hailo,772.6556
model_explorer_repvgg_a0_person_reid_512_ef97e10f32d020026aa5253d910eb1cb_Hailo,771.9216
model_explorer_repvgg_a1_6a1c3969346e25860f08c674738e0e67_Hailo,828.1485
model_explorer_repvgg_b0_local_model,424.4192
model_explorer_resnet_v1_18_e06eb310c808dcdd235188aec6179f3d_Hailo,543.4716
model_explorer_resnet_v2_18_7c2042519d9e892a23977db189205cdf_Hailo,542.8862
model_explorer_ResNet18_b2464f4cf9b035822a1bdbf6c71cca75_OpenVINO,543.1217
model_explorer_RevTpark_pokeDex-app_GitHub,2303.932
model_explorer_RevTpark_pokeDex-app_GitHub_1,2284.614
model_explorer_Rhoban_env_public_GitHub,2456.225
model_explorer_rsandrini_dnd-dice-detection-cnn_GitHub,150.9786
model_explorer_RTMPose_Animal_8950a3d36a958cf6533d3b1afd0224c2_PINTO_2,412.3097
model_explorer_saicharankr_Realtime-Facial-Expression-Recognition_GitHub,408.3319
model_explorer_samuelkim7_pneumonia_cnn_GitHub,368.6758
model_explorer_Sao-jung-listens-well_WIT_GitHub_12,1342.242
model_explorer_Sao-jung-listens-well_WIT_GitHub_14,1407.393
model_explorer_Sao-jung-listens-well_WIT_GitHub_2,97.55232
model_explorer_Sao-jung-listens-well_WIT_GitHub_6,353.9604
model_explorer_Sao-jung-listens-well_WIT_GitHub_8,784.4419
model_explorer_SatyamVyas00_Cloudburst-Prediction-using-GAF-and-CNN_GitHub,824.7909
model_explorer_SatyamVyas00_Cloudburst-Prediction-using-GAF-and-CNN_GitHub_1,769.0484
model_explorer_sayannath_SANUS-WEB_GitHub,91.43564
model_explorer_sayedmohamedscu_YOLO-v5-Door-detection-for-visually-impaired-people_GitHub,220.9728
model_explorer_SCL-LLE_f7aeed7e07f078e4efa345c7c6b3f790_PINTO_10,179.5201
model_explorer_SCL-LLE_f7aeed7e07f078e4efa345c7c6b3f790_PINTO_46,136.4321
model_explorer_scott-lam_Garbage-Sorting-DNN-With-WLKATA-Mirobot_GitHub,227.7046
model_explorer_scott-lam_Garbage-Sorting-DNN-With-WLKATA-Mirobot_GitHub_1,160.2948661
model_explorer_scrfd_10g_c5d8080387e24521eb4ca8ec266987b0_Hailo,137.9834
model_explorer_scrfd_2.5g_85e187d907d436a6d20485740cc69ebb_Hailo,234.8722
model_explorer_scrfd_500m_d0f788434ac4b3f9ec710402f89ed89d_Hailo,234.4654
model_explorer_sebastianstarke_AI4Animation_GitHub,2446.42
model_explorer_Selfie_Segmentation_eace39a3611846452997cd3d22a4a865_PINTO_1,349.5463
model_explorer_Selfie_Segmentation_eace39a3611846452997cd3d22a4a865_PINTO_2,356.1189
model_explorer_Semantic-Guided-Low-Light-Image-Enhancement_663666c92c77a498ea4aafe25dbeaad9_PINTO_8,2416.937
model_explorer_SFA3D_da2fe07968833012feed1f44c6811fc1_PINTO,59.30662487
model_explorer_SFA3D_da2fe07968833012feed1f44c6811fc1_PINTO_7,58.67991
model_explorer_SFace_4e5c5070fa3991c22232cce70e83cf24_PINTO_11,2235.5
model_explorer_shaolang_ml-zoomcamp_GitHub,2374.186
model_explorer_ShubhmKaale_CNN-Image-Classification-Heroku-Cloud-Deployment_GitHub,1566.466
model_explorer_ShufflenetV2x1.0_c665fabb58ff94de6df98d89c25e5ae9_OpenVINO,1572.784
model_explorer_singhjsw_Building-Damage-Detection-based-on-Post-Hurricane-Satellite-Imagery-using-Transfer-Learning-and-Conv_GitHub,2022.704
model_explorer_SKT27182_portfolio_GitHub,2314.301
model_explorer_SKT27182_portfolio_GitHub_1,2355.797
model_explorer_SKT27182_portfolio_GitHub_10,2484.877
model_explorer_SKT27182_portfolio_GitHub_3,2362.765
model_explorer_SKT27182_portfolio_GitHub_5,2415.704
model_explorer_SKT27182_portfolio_GitHub_7,2378.648
model_explorer_SKT27182_portfolio_GitHub_8,2469.405
model_explorer_SKT27182_portfolio_GitHub_9,2414.649
model_explorer_slayerkenneth_FYP_BoAR_PSAN2_38_GitHub,435.0347
model_explorer_slayerkenneth_FYP_BoAR_PSAN2_38_GitHub_1,190.4862
model_explorer_slayerkenneth_FYP_BoAR_PSAN2_38_GitHub_3,436.9788
model_explorer_speech_enhancement_unet_local_model,1326.243
model_explorer_Speech-enhancement_b160abe9c8b1b7a73b132577c018bd94_PINTO_6,1326.729
model_explorer_spokestack_app-actions-example_GitHub_3,2478.241
model_explorer_squeezedet_kitti_local_model,202.9046
model_explorer_squeezedet_plus_kitti_local_model,66.31494
model_explorer_squeezenet_7512787ef918e0045b9d956b3edc283b_TFHub,1376.61
model_explorer_squeezenet_bypass_local_model,1371.975
model_explorer_squeezenet_complex_local_model,1053.71
model_explorer_ssd_mobilenet_v2_mnasfpn_shared_box_predictor_d233be6616284890814c9c59cf20e346_PINTO,186.3045
model_explorer_SSDLiteMobileDet_7c6516d9991656262211aa6a99aeeb63_Coral,785.5923
model_explorer_ssdmobilenet_v1_800_local_model,148.566
model_explorer_SSDMobileNetV1_6f2707aefd6046ca5b21381ad0ca9b41_Coral,885.1219
model_explorer_SSDMobileNetV2_062004a403d4681fd697b105381df239_Coral,876.6061
model_explorer_SSDMobileNetV2_589403945254b2695574dd897779538d_Coral,865.1649
model_explorer_SSDMobileNetV2_a2ce86d9062646dc52501e487aae8a9f_Coral,887.116
model_explorer_ssdmobilenetv2_fpnlite_local_model,-1
model_explorer_steverab_failing-loudly_GitHub,2381.693
model_explorer_steverab_failing-loudly_GitHub_1,2476.324
model_explorer_steverab_failing-loudly_GitHub_2,2453.022
model_explorer_steverab_failing-loudly_GitHub_3,2454.655
model_explorer_steverab_failing-loudly_GitHub_5,2478.437
model_explorer_SuavePirate_FaceONNX.Models_GitHub_3,881.3044
model_explorer_SuavePirate_FaceONNX.Models_GitHub_4,497.4613
model_explorer_SuavePirate_FaceONNX.Models_GitHub_5,2465.845
model_explorer_SuavePirate_FaceONNX.Models_GitHub_6,631.2224481
model_explorer_Surat-96_A-E2E-Covid19-Prediction_GitHub,97.57978
model_explorer_sutongkui_SubPhysics_GitHub,2415.779
model_explorer_sutongkui_SubPhysics_GitHub_1,2296.115
model_explorer_SwaggyMacro_MiraiNsfwBot_GitHub_1,1506.633
model_explorer_SynergyNet_bd634b56ca115616db0e1cc2a0459f5d_PINTO,2608.56
model_explorer_SynergyNet_bd634b56ca115616db0e1cc2a0459f5d_PINTO_1,2561.82
model_explorer_Taiki92777_streamlit_demo2_GitHub,157.9294
model_explorer_Tartisan_MMDet3d-CenterPoint_GitHub_1,8.254715
model_explorer_TBEFN_3c187f503d0e13ab838280a4f0679168_PINTO_40,110.0129
model_explorer_TBEFN_3c187f503d0e13ab838280a4f0679168_PINTO_8,144.2007
model_explorer_tddfa_mobilenet_v1_4fac64eae00af43aa91a0a9347d75e60_Hailo,2455.437
model_explorer_temmyzeus_No-Toxic_GitHub,1369.826
model_explorer_tensil-ai_tensil-models_GitHub_2,47.36014
model_explorer_teplandr_Visioneer_GitHub_1,310.7422
model_explorer_teplandr_Visioneer_GitHub_2,354.137
model_explorer_Ternaku-id_ternaku-bangkit-machine-learning_GitHub_1,929.8842
model_explorer_Ternaku-id_ternaku-bangkit-machine-learning_GitHub_6,1547.899
model_explorer_Ternaku-id_ternaku-bangkit-machine-learning_GitHub_7,1538.123
model_explorer_text_detection_db_db1a72a425cef7f168473f1607c061b3_PINTO_7,36.92514
model_explorer_text_detection_db_db1a72a425cef7f168473f1607c061b3_PINTO_9,36.92582
model_explorer_thawro_yolov8-digits-detection_GitHub_1,1419.438
model_explorer_the-muses-ltd_Cassie_GitHub,2354.522
model_explorer_theDataFox_capstone_GitHub,268.2235
model_explorer_TheJacksonLaboratory_CUP-AI-Dx_GitHub,1482.416
model_explorer_ThomAub_redisai-rs_GitHub_1,2412.572
model_explorer_thoughtworksarts_EmoPy_GitHub,992.1138
model_explorer_tiny_yolov2_local_model,443.2973
model_explorer_tiny_yolov3_51137831371ca637c3745da0cc3f8983_Hailo,546.8536
model_explorer_TiVo_dts-studio_GitHub,855.7055
model_explorer_TiVo_dts-studio_GitHub_10,1581.171
model_explorer_TiVo_dts-studio_GitHub_11,636.3541
model_explorer_TiVo_dts-studio_GitHub_12,2490.023
model_explorer_TiVo_dts-studio_GitHub_13,2529.609
model_explorer_TiVo_dts-studio_GitHub_14,560.0968
model_explorer_TiVo_dts-studio_GitHub_5,2232.497
model_explorer_TiVo_dts-studio_GitHub_6,1062.738
model_explorer_torinmb_mediapipe-touchdesigner_GitHub_10,3.439737
model_explorer_torinmb_mediapipe-touchdesigner_GitHub_2,1539.479
model_explorer_torinmb_mediapipe-touchdesigner_GitHub_3,349.658
model_explorer_torinmb_mediapipe-touchdesigner_GitHub_4,2479.519
model_explorer_torinmb_mediapipe-touchdesigner_GitHub_5,1170.564
model_explorer_torinmb_mediapipe-touchdesigner_GitHub_7,636.4696
model_explorer_Tox1cCoder_CatsVsDogsClassification_GitHub,2444.928
model_explorer_U-NetMobileNetv2_80415d536866fa43c7496fea2a43cfd3_Coral,71.59361
model_explorer_U-NetMobileNetv2_ad29c3d316648c034fa1579828bb6a20_Coral,281.6122
model_explorer_ultraface_320_local_model,1226.954
model_explorer_ultraface_640_local_model,308.3079
model_explorer_UltraLightweightFaceDetectionRFB320_960a5214e4dac129651b234f3bf0584b_OpenVINO,1217.897
model_explorer_UltraLightweightFaceDetectionslim320_5fa4898fe882dc1d1fa3e0202f18d1aa_OpenVINO,1235.347
model_explorer_umarkhan2000_HackTheNorth_GitHub,2449.334
model_explorer_unet_lane_local_model,342.1681
model_explorer_unet_local_model,183.153
model_explorer_unet_mobilenet_local_model,183.1631
model_explorer_unet_mobilenet_v2_128_local_model,281.7081
model_explorer_unet_mobilenet_v2_256_local_model,71.59467
model_explorer_unet_mobilenet_v2_578b17af49d3deb3e3c1d43049533aa6_Hailo,40.42984
model_explorer_unet_ultrasound_local_model,590.3213
model_explorer_unetplusplus_local_model,244.8596
model_explorer_URetinex-Net_4ac8242609816866ddfacc736328807a_PINTO_42,13.17539
model_explorer_usubioinfo_malivhustandalone_GitHub,2410.869
model_explorer_utopiaZhang_devops_for_datascience_GitHub,2400.083
model_explorer_utopiaZhang_devops_for_datascience_GitHub_1,2378.367834
model_explorer_utopiaZhang_devops_for_datascience_GitHub_2,2441.18
model_explorer_uwsbel_autonomy-research-testbed_GitHub,106.0514101
model_explorer_Vaish1591_Rice-Leaf-Disease-Analyzer_GitHub,1571.723
model_explorer_VarunAkav_Comp_int_NN_GitHub,2367.75
model_explorer_vehicle-attributes-recognition-barrier-0039_24bce763e81d631cbef3a103f77d9c7f_PINTO_5,2710.753
model_explorer_vehicle-attributes-recognition-barrier-0042_8a6998b14372a9a9b3f62d0caf3bca34_PINTO_5,1636.482
model_explorer_vehicle-detection-0200_ddcdbc50476adbba978b19992a5bbcd7_PINTO_6,1432.729
model_explorer_vehicle-lang_vehicle_GitHub_1,2477.216
model_explorer_vehicle-license-plate-detection-barrier-0106_e5a332ce547ffd8c098f0f501d38af08_PINTO,899.2143
model_explorer_VikrantShah_AI-DocHelper_GitHub_1,1418.998
model_explorer_wep21_mmdeploy_model_zoo_GitHub,127.0811
model_explorer_WHENet_2f83111daad55806e6a32ef0c0879264_PINTO_5,727.6661
model_explorer_wilsonloo_faceEmotionAndroid_GitHub_1,2283.261
model_explorer_wilsonloo_faceEmotionCppLinux_GitHub,2344.976
model_explorer_wilsonloo_faceEmotionCppLinux_GitHub_1,2258.278
model_explorer_wilsonloo_faceEmotionCppLinux_GitHub_2,2312.295
model_explorer_xmartlabs_malaria-detector_GitHub_1,2338.619
model_explorer_xMinh129_yimotion_training_GitHub,2378.4
model_explorer_YAMNet_4a5f991ff1ae5529ac2a9166ac5dc226_PINTO_13,2774.814
model_explorer_YAMNet_4a5f991ff1ae5529ac2a9166ac5dc226_PINTO_4,2655.251
model_explorer_yeahaluu_Public_Sinsunai_GitHub,97.57663
model_explorer_yeahaluu_Public_Sinsunai_GitHub_1,97.61826
model_explorer_yichenghuang980_emotion-detection_GitHub,2458.788
model_explorer_yinguobing_head-pose-estimation_GitHub,899.9366
model_explorer_YOLO-6D-Pose_c19df40c4dfdfaba5bd100f3649199d1_PINTO_4,64.62595
model_explorer_yolo3_mobilenet_lite_416_coco_local_model,38.73124
model_explorer_yolop320_local_model,178.9254874
model_explorer_yolop640_local_model,39.97609
model_explorer_yolov1_tiny_local_model,448.0035
model_explorer_yolov3_tiny_local_model,543.2846
model_explorer_yolov3-lite_54861eb28f72c109b69d2110ba8cde5c_PINTO_4,885.4489
model_explorer_yolov3-lite_54861eb28f72c109b69d2110ba8cde5c_PINTO_5,885.8307
model_explorer_YOLOv5_Face_36483c4542b0ef195191ad8329579095_PINTO_1,797.918
model_explorer_YOLOv5_Face_36483c4542b0ef195191ad8329579095_PINTO_6,798.5321
model_explorer_yolov5n_leaky_320_local_model,181.5652
model_explorer_yolov5n_leaky_416_local_model,41.83861
model_explorer_yolov5n_leaky_local_model,164.1797
model_explorer_yolov5n_seg_83812029796508bc2cd73bcaa7587de8_Hailo,85.4194
model_explorer_yolov5n6_6.1_e835245de516fd91d5b7541d8ea88aa2_Hailo,41.00260587
model_explorer_yolov5s_189f9282a7b765c60fa9142c10266988_Hailo,155.39
model_explorer_yolov5s_leaky_320_local_model,581.8159
model_explorer_yolov5s_leaky_416_local_model,357.1866
model_explorer_yolov5s_leaky_local_model,157.8729
model_explorer_yolov5s_seg_5ef60a42d4f9860fe7f6c35f15c46ad6_Hailo,86.47883
model_explorer_yolov5xs_wo_spp_6528487dbd275787a9c4ffc9d024ca28_Hailo,240.155
model_explorer_yolov5xs_wo_spp_nms_core_9d0e38032c9383042d99a3ec5f55f5c7_Hailo,38.80274
model_explorer_yolov6n_0.2.1_24df965c49f689e0e995a3de172fea67_Hailo,231.4547
model_explorer_yolov6n_52c522be794879750c5196c36d7e353f_Hailo,227.8099
model_explorer_yolov7_tiny_320_local_model,195.8092
model_explorer_yolov7_tiny_3e111ae3003696ae7063f21b9494896f_Hailo,164.6114
model_explorer_yolov7_tiny_416_local_model,39.18351
model_explorer_yolov7_tiny_640_local_model,164.928
model_explorer_yolov8m-cls_local_model,384.6183613
model_explorer_yolov8n_fde050d28c8b0e5265c982d24516d82a_Hailo,222.6284
model_explorer_yolov8n_local_model,226.9099
model_explorer_yolov8n_seg_878dff037d1faf27fe0e5a7a59f9e36f_Hailo,77.31353572
model_explorer_yolov8n-cls_local_model,1552.629
model_explorer_yolov8s_467f5686cfa49bb9b780ea79cc7bd3ad_Hailo,95.99506
model_explorer_yolov8s_local_model,90.71634
model_explorer_yolov8s_seg_f613612eb66d7bf5de6cab15aa885386_Hailo,25.15703
model_explorer_yolov8s-cls_local_model,1318.665
model_explorer_yolox_nano_local_model,576.5197
model_explorer_yolox_nano_ti_lite_local_model,552.7775
model_explorer_yolox_s_416x416_ti_lite_local_model,192.6921
model_explorer_yolox_s_leaky_78743adf7aeabf23e45c3f66c336bc68_Hailo,100.1588
model_explorer_yolox_s_local_model,97.26295
model_explorer_yolox_s_ti_lite_local_model,99.72201
model_explorer_yolox_s_wide_leaky_c75142893fb3ab1b654f91a7bfe87e31_Hailo,16.86699
model_explorer_yolox_tiny_34697d4032cefac72fc123fd4f949327_Hailo,356.5029
model_explorer_yolox_tiny_local_model,356.6322
model_explorer_yolox_tiny_ti_lite_local_model,310.9773
model_explorer_YOLOXTiny_d6da6e0f3471db4c021da55e9223e487_OpenVINO,353.1092
model_explorer_YuNet_62443df09472306e47a98f70b9922e9e_PINTO,2366.241
model_explorer_YuNet_62443df09472306e47a98f70b9922e9e_PINTO_7,2404.307
model_explorer_YuNetV2_7211ef47fdd0f316eea7a167c2838751_PINTO_3,236.5247
model_explorer_YuNetV2_7211ef47fdd0f316eea7a167c2838751_PINTO_7,236.0323
model_explorer_yuradanyliuk_AutomaticParking_GitHub,2685.228
model_explorer_yuradanyliuk_AutomaticParking_GitHub_1,2693.698
model_explorer_yuradanyliuk_AutomaticParking_GitHub_2,2631.066
model_explorer_yuradanyliuk_AutomaticParking_GitHub_3,2654.717
model_explorer_yuradanyliuk_AutomaticParking_GitHub_4,2725.386
model_explorer_yuradanyliuk_AutonomousParking_GitHub,2735.811
model_explorer_zero_dce_4c70bab607cb30d3f72ba948f1b93570_Hailo,47.07278
model_explorer_Zero-DCE-improved_e6ae9392ba368ab059e2aa9e207c8464_PINTO_21,49.55963
model_explorer_Zero-DCE-improved_e6ae9392ba368ab059e2aa9e207c8464_PINTO_3,59.45189
model_explorer_Zero-DCE-TF_db23a34552efae2ef9b7c5b9636fd5dc_PINTO_38,49.62747
model_explorer_Zero-DCE-TF_db23a34552efae2ef9b7c5b9636fd5dc_PINTO_8,147.4632
model_explorer_zetane_viewer_GitHub_17,723.632
model_explorer_ZICCORP_deep-learning-projects_GitHub,2462.695
model_explorer_ZJU-lishuang_yolov5_tensorrt_GitHub_1,166.5284
model_explorer_zznlzz_dxy_GitHub,227.5724
